Season,Name,Team,IP,vFA,vFC,vFS,vSI,vCH,vSL,vCU,vCS,vKN,vSB,playerid
2016,Noah Syndergaard,Mets,183.2,98.9,,,98.5,90.4,91.6,83.1,,,,11762
2007,Felix Hernandez,Mariners,190.1,98.5,,,97.4,88,90.1,83.9,,,,4772
2014,Yordano Ventura,Royals,183,98.2,94.7,,97.7,88.4,,83.7,,,,11855
2018,Luis Severino,Yankees,191.1,97.9,92.5,,,88.4,88.4,,,,,15890
2017,Luis Severino,Yankees,193.1,97.7,,,,87.4,88.5,,,,,15890
2014,Garrett Richards,Angels,168.2,97.1,,,96.8,89.5,87.5,79.7,,,,9784
2015,Yordano Ventura,Royals,163.1,97.1,92.6,,96.7,87.9,,84.5,,,,11855
2016,Carlos Martinez,Cardinals,195.1,97,,,95.2,87.4,85.5,77.8,,,,11682
2018,Gerrit Cole,Astros,200.1,97,,,96.5,88.2,89.1,82.9,,,,13125
2013,Matt Harvey,Mets,178.1,97,,,,88.2,90.9,84.6,,,,11713
2014,Nathan Eovaldi,Marlins,199.2,96.8,,89.7,96.8,88.3,87.2,76.8,,,,9132
2018,Mike Foltynewicz,Braves,183,96.8,,,97,88.3,87.2,80.4,,,,10811
2015,Carlos Martinez,Cardinals,179.2,96.7,,,95.8,87.8,86,,,,,11682
2016,Yordano Ventura,Royals,186,96.7,,,96.9,86.7,,83.7,,,,11855
2017,Carlos Martinez,Cardinals,205,96.7,,,95.1,88,85.4,79.2,,,,11682
2018,Jacob deGrom,Mets,217,96.7,,,96.1,89.6,91.6,83.2,,,,10954
2015,Matt Harvey,Mets,189.1,96.6,,,,89,90.3,84.5,,,,11713
2018,Charlie Morton,Astros,167,96.6,89.1,87.7,95.5,87.4,86.7,80,,,,4676
2009,Ubaldo Jimenez,Rockies,218,96.5,,87,96.5,,86.7,77.9,,,,3374
2018,Zack Wheeler,Mets,182.1,96.5,,90,,89.3,91.5,79.8,,,,10310
2014,Wily Peralta,Brewers,198.2,96.5,,,96.7,85,86.4,,,,,7738
2012,David Price,Rays,211,96.5,89.9,,96.2,84.9,,79.6,,,,3184
2018,Blake Snell,Rays,180.2,96.5,,,,88.1,88.7,81.8,,,,13543
2015,Gerrit Cole,Pirates,208,96.5,,,96.1,89,87.7,82.1,,,,13125
2018,Luis Castillo,Reds,169.2,96.4,,,96.1,86.8,84,,,,,15689
2017,Gerrit Cole,Pirates,203,96.4,,,96,89.1,88.5,80.8,,,,13125
2010,Ubaldo Jimenez,Rockies,221.2,96.3,93.7,88.2,96.7,,86.8,79.1,,,,3374
2009,Justin Verlander,Tigers,240,96.3,,,,84.6,88.5,80.7,,,,8700
2007,A.J. Burnett,Blue Jays,165.2,96.3,,,95.3,88.9,88.3,82.9,,,,512
2016,Jose Fernandez,Marlins,182.1,96.3,,,93.6,89.2,,84.7,75.4,,,11530
2015,Andrew Cashner,Padres,184.2,96.2,,,95.6,86.7,86.6,81.7,,,,8782
2018,Jose Urena,Marlins,174,96.2,,,,90.2,86.7,,,,,11589
2017,Michael Fulmer,Tigers,164.2,96.2,,,96.4,88.3,89.7,78.9,,,,13218
2015,Garrett Richards,Angels,207.1,96.2,,,96.2,91.6,88,80.3,,,,9784
2013,Stephen Strasburg,Nationals,183,96.2,,,95.4,88.9,,80.7,,,,10131
2010,David Price,Rays,208.2,96.2,,,93.5,84.9,87.2,78.4,,,,3184
2015,Chris Archer,Rays,212,96.2,,,,86.9,88.7,,,,,6345
2014,Zack Wheeler,Mets,185.1,96.2,,,95.7,89.2,90,79.6,,,,10310
2012,Jeff Samardzija,Cubs,174.2,96.1,92.4,86.8,95.6,,85.1,78,,,,3254
2013,Jose Fernandez,Marlins,172.2,96.1,,,94.2,87.6,,82.6,65.2,,,11530
2008,Ubaldo Jimenez,Rockies,198.2,96.1,89.3,86.7,95.3,,85.7,75.6,,,,3374
2016,Jon Gray,Rockies,168,96.1,,,96.6,86,89.5,78.7,,,,14916
2010,Justin Verlander,Tigers,224.1,96.1,,,,86.5,87.8,80.1,,,,8700
2013,Andrew Cashner,Padres,175,96,,,95,85.2,84.4,81.4,,,,8782
2015,Danny Salazar,Indians,185,96,92.5,,94.9,86.1,86.1,80.8,,,,5867
2017,Stephen Strasburg,Nationals,175.1,96,,,,89.1,90.6,82.8,,,,10131
2008,Felix Hernandez,Mariners,200.2,96,,,95,88.1,87.6,82.6,,,,4772
2018,Reynaldo Lopez,White Sox,188.2,95.9,86.3,,94.4,84,84.1,76.1,,,,16400
2011,David Price,Rays,224.1,95.9,90,,95.5,83.8,,79.1,,,,3184
2009,Josh Johnson,Marlins,209,95.9,,,95,88.5,87.5,,,,,4567
2007,Josh Beckett,Red Sox,200.2,95.9,,,96.2,89,,78.2,,,,510
2017,Jose Urena,Marlins,169.2,95.8,,,,88.7,85.4,,,,,11589
2017,Jacob deGrom,Mets,201.1,95.8,,,95.4,88.2,89.9,81.8,,,,10954
2018,Jameson Taillon,Pirates,191,95.8,,,95.8,88.5,90.2,82.8,,,,11674
2017,Chris Archer,Rays,201,95.8,,,,86.2,89.1,,,,,6345
2011,Alexi Ogando,Rangers,169,95.8,,,94.9,86.6,82,,,,,10261
2016,Kevin Gausman,Orioles,179.2,95.8,,85.4,93.8,87.5,,80.6,,,,14107
2015,Jacob deGrom,Mets,191,95.8,,,95.4,86.2,90.3,82.3,,,,10954
2014,Chris Archer,Rays,194.2,95.8,,,95.6,87,87.1,,,,,6345
2018,German Marquez,Rockies,196,95.7,,,94.6,86.2,85.7,81.9,,,,15038
2007,Dustin McGowan,Blue Jays,169.2,95.7,,,95.7,87.4,88.5,82.1,,,,8600
2015,Carlos Carrasco,Indians,183.2,95.7,,,95,89.1,89.1,84.1,,,,6632
2014,Jeff Samardzija,- - -,219.2,95.6,93.8,86.4,95.5,,87,,,,,3254
2014,Stephen Strasburg,Nationals,215,95.6,,,95.1,88.9,87.3,80.7,,,,10131
2013,Jeff Samardzija,Cubs,213.2,95.6,92.3,84.8,95.3,,84.8,,,,,3254
2015,Chris Sale,White Sox,208.2,95.6,,,93.4,86.4,79.4,,,,,10603
2011,Justin Verlander,Tigers,251,95.6,,,,87,86.3,80,,,,8700
2017,Justin Verlander,- - -,206,95.6,,,,87.8,88.5,80.8,,,,8700
2017,Michael Wacha,Cardinals,165.2,95.6,91.2,,,88.2,,76.9,,,,14078
2010,Josh Johnson,Marlins,183.2,95.5,,,95.3,88,88.5,,,,,4567
2015,Rubby de la Rosa,Diamondbacks,188.2,95.5,,,94.2,87.2,86.4,,,,,3862
2013,Wily Peralta,Brewers,183.1,95.5,,,95.8,85.1,85.4,,,,,7738
2016,Danny Duffy,Royals,179.2,95.5,,,95.1,85.7,84,80.5,,,,3542
2016,Aaron Sanchez,Blue Jays,192,95.5,93.9,,95.4,89,83.7,78.8,,,,11490
2008,Ervin Santana,Angels,219,95.5,,,,87,84.6,,,,,3200
2018,Justin Verlander,Astros,214,95.4,92,,,87.8,86.8,79.8,,,,8700
2007,Daniel Cabrera,Orioles,204.1,95.4,,,95.8,85.9,83.3,,,,,1931
2018,Nick Pivetta,Phillies,164,95.4,89.4,,95.3,87.7,85.2,80.6,,,,15454
2011,Michael Pineda,Mariners,171,95.4,,,94.8,88.3,84.7,,,,,5372
2007,Jake Peavy,Padres,223.1,95.4,88.5,,95.9,86.1,83.9,76.9,,,,1051
2018,Jon Gray,Rockies,172.1,95.3,,,,87,88.4,80.2,,,,14916
2017,Kevin Gausman,Orioles,186.2,95.3,,85.4,,88.3,83.1,,,,,14107
2017,German Marquez,Rockies,162,95.3,,,94.2,85.9,86.9,80.8,,,,15038
2016,Robbie Ray,Diamondbacks,174.1,95.3,,,94.6,87.7,86.1,82.2,,,,11486
2009,Edwin Jackson,Tigers,214,95.3,,,94.7,85.9,87.2,81.3,,,,1841
2016,Max Scherzer,Nationals,228.1,95.2,89.4,,,86,86.8,78.6,,,,3137
2013,Homer Bailey,Reds,209,95.2,,86.8,94.4,,89.2,80.4,,,,8362
2009,A.J. Burnett,Yankees,207,95.2,,,95,88.7,,82.8,,,,512
2016,Chris Archer,Rays,201.1,95.2,,,,87.5,89,,,,,6345
2008,A.J. Burnett,Blue Jays,221.1,95.2,,,94.8,87.6,86.2,81.8,,,,512
2009,CC Sabathia,Yankees,230,95.1,,,94.5,87.2,82.2,78.6,,,,404
2009,Felix Hernandez,Mariners,238.2,95.1,,,94.4,89.8,86.9,82.5,,,,4772
2012,Matt Moore,Rays,177.1,95.1,,,95,86.3,,82.8,,,,1890
2015,Michael Wacha,Cardinals,181.1,95.1,90.3,,,87.5,,76.7,,,,14078
2011,Edwin Jackson,- - -,199.2,95.1,94.9,,94.9,87.3,87.9,80.9,,,,1841
2015,Shelby Miller,Braves,205.1,95.1,87.9,,94.5,87.2,,78.9,,,,10197
2018,Trevor Bauer,Indians,175.1,95,87.2,,94.9,87.5,82.6,79.6,,,,12703
2012,Max Scherzer,Tigers,187.2,95,,,93.5,86.2,86.8,81.3,,,,3137
2007,Jeremy Guthrie,Orioles,175.1,95,,,94.6,84.7,84.5,75.3,,,,2072
2010,Edwin Jackson,- - -,209.1,95,,,94.3,86.2,86.6,81.1,,,,1841
2015,David Price,- - -,220.1,95,90.1,,94.8,85.8,,80.2,,,,3184
2016,Jeff Samardzija,Giants,203.1,95,93.4,86.1,95.3,87.5,87.1,81,,,,3254
2017,Chris Sale,Red Sox,214.1,95,,,93.1,86.9,80,,,,,10603
2007,Justin Verlander,Tigers,201.2,95,,,,82.9,,80.7,,,,8700
2012,Justin Verlander,Tigers,238.1,95,,,,86.3,84.9,80,,,,8700
2011,Derek Holland,Rangers,198,95,,,94.6,86.2,83.8,76.3,,,,4141
2010,Felix Hernandez,Mariners,249.2,94.9,,,94.3,90.3,86.5,82.8,,,,4772
2015,Jake Arrieta,Cubs,229,94.9,,,95.3,89.7,90.8,81.2,,,,4153
2008,CC Sabathia,- - -,253,94.9,,,94,86.8,81.2,78.1,,,,404
2014,Chris Sale,White Sox,174,94.9,,,93.4,85.4,80.3,,,,,10603
2015,Taijuan Walker,Mariners,169.2,94.9,90.4,89.4,94.2,,,74.7,,,,11836
2010,Mat Latos,Padres,184.2,94.8,,,93.1,84.3,85.1,78.8,,,,3815
2012,Henderson Alvarez,Blue Jays,187.1,94.8,,,93.7,87.6,85.4,,,,,5669
2009,Josh Beckett,Red Sox,212.1,94.8,92.1,,94.6,89.3,,77.8,,,,510
2015,Max Scherzer,Nationals,228.2,94.8,90.2,,,85.4,86.6,80.1,,,,3137
2017,Carlos Carrasco,Indians,200,94.8,,,93.8,88.8,85.6,83.4,,,,6632
2008,Josh Beckett,Red Sox,174.1,94.7,91.7,,94.8,89.2,,77.1,,,,510
2008,Edwin Jackson,Rays,183.1,94.7,,,93.7,86.6,87.2,79.2,,,,1841
2018,Max Scherzer,Nationals,220.2,94.7,88.9,,,84.3,85.5,78.7,,,,3137
2012,Edinson Volquez,Padres,182.2,94.7,,,94.8,84.7,,80.4,,,,3990
2011,CC Sabathia,Yankees,237.1,94.7,,,93.8,87.5,83.1,79.8,,,,404
2007,CC Sabathia,Indians,241,94.7,,,,86.9,82.1,,,,,404
2015,Edinson Volquez,Royals,200.1,94.7,,,94.3,85.2,,81.1,,,,3990
2017,Yu Darvish,- - -,186.2,94.7,89,88.6,93.9,88.4,82.8,73.4,,,,13074
2018,Miles Mikolas,Cardinals,200.2,94.7,,,94.1,89,88.5,78.9,,,,9803
2013,Jordan Zimmermann,Nationals,213.1,94.7,,,,87.9,86.5,78,,,,4505
2010,CC Sabathia,Yankees,237.2,94.7,,,93.9,87.6,82.4,78.2,,,,404
2011,Matt Garza,Cubs,198,94.6,,,94.5,86.3,86.5,76.7,,,,3340
2014,Alfredo Simon,Reds,196.1,94.6,89.2,86.3,95,69.5,,78.2,,,,2155
2008,Tim Lincecum,Giants,227,94.6,,84.3,94.7,,84.2,79.7,,,,5705
2009,Jon Lester,Red Sox,203.1,94.6,89.4,,92.8,85.9,,78.7,,,,4930
2014,Jordan Zimmermann,Nationals,199.2,94.6,,,,87.5,88.1,79.7,,,,4505
2016,Trevor Bauer,Indians,190,94.6,89.9,88.8,94,87.4,86.7,78,,,,12703
2012,Jordan Zimmermann,Nationals,195.2,94.6,,,,87.4,87.1,78.6,,,,4505
2007,Roberto Hernandez,Indians,215,94.6,,,94.7,85.1,84.1,,,,,3273
2014,Corey Kluber,Indians,235.2,94.6,89.6,,94.2,85.9,83.5,,,,,2429
2014,Tyson Ross,Padres,195.2,94.6,,,93.7,87.3,87.2,,,,,7872
2011,Brandon Morrow,Blue Jays,179.1,94.6,,87,92.7,,88.4,82.1,,,,9346
2017,Jimmy Nelson,Brewers,175.1,94.6,,,94.3,88.1,88.9,84.8,,,,10547
2014,Henderson Alvarez,Marlins,187,94.6,90.7,,94.3,89.9,84.4,77.8,60.5,,,5669
2007,Kelvim Escobar,Angels,195.2,94.6,,86.3,,87.8,87,81.7,,,,1298
2017,Jeff Samardzija,Giants,207.2,94.6,92.9,86.1,94.8,87.4,88.8,81.2,,,,3254
2008,Justin Verlander,Tigers,201,94.6,,,,84.5,85.7,81.7,,,,8700
2013,David Price,Rays,186.2,94.6,89.2,,94.5,84.7,,80.4,,,,3184
2013,Derek Holland,Rangers,213,94.6,,,94.4,84.1,83.7,76.8,,,,4141
2007,Roy Oswalt,Astros,212,94.5,,,93.3,84.7,85.7,72.4,,,,571
2017,Luis Perdomo,Padres,163.2,94.5,,87.7,94.4,,,84.8,,,,14682
2008,Edinson Volquez,Reds,196,94.5,,,94.2,83,,79.8,,,,3990
2010,Francisco Liriano,Twins,191.2,94.5,,,94.3,86,86.4,,,,,3201
2017,Robbie Ray,Diamondbacks,162,94.5,,,93.6,85.4,85.1,81.8,,,,11486
2010,Clay Buchholz,Red Sox,173.2,94.4,90.4,,94.3,82.1,,78.7,,,,3543
2009,Brad Penny,- - -,173.1,94.4,86.3,86.4,,,,78.6,,,,535
2010,Matt Garza,Rays,204.2,94.4,,,94.1,85.7,87,76.9,,,,3340
2013,Chris Sale,White Sox,214.1,94.4,,,92.9,83.5,79.2,,,,,10603
2014,Sonny Gray,Athletics,219,94.4,93,,94.1,87.5,87.5,82.4,,,,12768
2013,Justin Verlander,Tigers,218.1,94.4,,,,85.1,87.1,79.9,,,,8700
2013,Shelby Miller,Cardinals,173.1,94.4,89.9,,,85.6,,80,,,,10197
2009,Clayton Kershaw,Dodgers,171,94.4,,,,82.9,81,72.6,,,,2036
2014,Bud Norris,Orioles,165.1,94.4,90.2,,94.4,86.6,87.2,,,,,9492
2014,Shelby Miller,Cardinals,183,94.4,87.9,,94.2,86.6,,77.8,,,,10197
2017,Trevor Bauer,Indians,176.1,94.3,87.9,85.6,93.8,87.4,84.7,78.8,,,,12703
2015,Jeff Samardzija,White Sox,214,94.3,93.1,85.5,95,,85.9,,,,,3254
2013,Max Scherzer,Tigers,214.1,94.3,,,,85.7,85.9,78.8,,,,3137
2016,Justin Verlander,Tigers,227.2,94.3,89.3,,,86.1,88.6,79.4,,,,8700
2014,Edinson Volquez,Pirates,192.2,94.3,,,94.1,85.5,,80.7,,,,3990
2016,Jake Arrieta,Cubs,197.1,94.3,,,94.4,89,89.7,81.1,,,,4153
2007,Brad Penny,Dodgers,208,94.3,,85.4,,,,77.7,,,,535
2007,Miguel Batista,Mariners,193,94.3,89.1,,93.9,83.8,79.1,76.9,,,,46
2015,Clayton Kershaw,Dodgers,232.2,94.3,,,,88.4,88.6,74.1,,,,2036
2016,Edinson Volquez,Royals,189.1,94.3,,,94,84.1,,80.7,,,,3990
2012,Edwin Jackson,Nationals,189.2,94.3,93,,93.9,87,86.4,79.8,,,,1841
2014,David Price,- - -,248.1,94.3,87.9,,94.2,85.8,,80.4,,,,3184
2017,Max Scherzer,Nationals,200.2,94.3,88.3,,,84.9,86,77.7,,,,3137
2015,Jimmy Nelson,Brewers,177.1,94.3,,,94.3,86.2,87.9,83.6,,,,10547
2008,Matt Garza,Rays,184.2,94.2,,,93.9,85.8,86.1,76.6,,,,3340
2009,Max Scherzer,Diamondbacks,170.1,94.2,,,,84.9,85.4,,,,,3137
2012,Gio Gonzalez,Nationals,199.1,94.2,,,93.4,85.5,,80.5,,,,7448
2017,Marcus Stroman,Blue Jays,201,94.2,90.6,,93.7,82.9,86.9,82.7,,,,13431
2016,Carlos Rodon,White Sox,165,94.2,,,93.7,84.1,87.2,,,,,16137
2008,Johnny Cueto,Reds,174,94.2,,,93.3,85.2,85.8,,,,,6893
2009,Matt Garza,Rays,203,94.2,,,93.6,84.4,86.3,76.2,,,,3340
2011,Clayton Kershaw,Dodgers,233.1,94.2,,,,83.3,84.5,74.7,,,,2036
2011,Ubaldo Jimenez,- - -,188.1,94.2,91,86.6,93.8,,83.6,76.5,,,,3374
2014,Brandon McCarthy,- - -,200,94.2,92.1,,93.7,88,,82.2,,,,4662
2017,Andrew Cashner,Rangers,166.2,94.2,88.7,,93.2,85.3,,82,,,,8782
2013,Anibal Sanchez,Tigers,182,94.2,,,94,86.6,87,80.3,,,,3284
2010,A.J. Burnett,Yankees,186.2,94.2,,,94.2,89.4,,83.2,,,,512
2018,Mike Clevinger,Indians,200,94.2,,,,88.1,79.9,75.9,,,,12808
2015,Sonny Gray,Athletics,208,94.1,92.6,,93.9,88.5,87.1,82.5,,,,12768
2012,Ross Detwiler,Nationals,164.1,94.1,,,92.8,85.1,,79.9,,,,2859
2018,Kevin Gausman,- - -,183.2,94.1,,83.1,92.7,86,81.9,,,,,14107
2011,Justin Masterson,Indians,216,94.1,,,92.7,84.8,83.9,,,,,2038
2013,Edwin Jackson,Cubs,175.1,94.1,93.3,,93.8,87.6,85.9,79.1,,,,1841
2018,Carlos Carrasco,Indians,192,94.1,,,93.4,88.4,84.5,81.9,,,,6632
2011,Felix Hernandez,Mariners,233.2,94.1,,,93.8,89.9,86.7,82.2,,,,4772
2008,Zack Greinke,Royals,202.1,94.1,,,93.4,82.7,85.9,75.4,64.4,,,1943
2009,Zack Greinke,Royals,229.1,94.1,,,93.7,83.9,86,73.7,62.6,,,1943
2011,Daniel Hudson,Diamondbacks,222,94.1,,,93.8,84.4,88.2,,,,,7146
2014,Johnny Cueto,Reds,243.2,94.1,89.5,,93.8,85,85.7,81.5,61.4,,,6893
2007,Ian Snell,Pirates,208,94,,,93.7,86.4,85.5,,,,,2227
2016,Jimmy Nelson,Brewers,179.1,94,,,94.1,87.1,88,84,,,,10547
2016,Martin Perez,Rangers,198.2,94,,,93.7,85.4,85.7,81,,,,6902
2008,Mike Pelfrey,Mets,200.2,94,,,93.3,84,85.3,75.1,,,,5203
2010,Johnny Cueto,Reds,185.2,94,90.5,,93.7,83.1,85.1,,,,,6893
2013,Justin Masterson,Indians,193,94,,,91,84.5,83.6,,,,,2038
2008,Jeremy Guthrie,Orioles,190.2,94,,,93.9,85.6,84.8,74.2,,,,2072
2015,Tyson Ross,Padres,196,94,91.4,,93.7,89.2,87.3,,,,,7872
2010,Jon Lester,Red Sox,208,93.9,90.1,,92.8,85.6,,78,,,,4930
2016,Francisco Liriano,- - -,163,93.9,,,93.5,86,86.1,79.7,,,,3201
2014,Tom Koehler,Marlins,191.1,93.9,91.8,,93.9,86.4,87.1,79.9,,,,6570
2013,Mat Latos,Reds,210.2,93.9,,83.2,93.2,84.7,87,78.8,,,,3815
2012,Derek Holland,Rangers,175.1,93.9,,,93.7,85.3,83.2,77.4,,,,4141
2011,Mat Latos,Padres,194.1,93.9,,,92.6,83.6,84.1,78.3,,,,3815
2011,Max Scherzer,Tigers,195,93.9,,,,83.1,83.3,,,,,3137
2010,Jeremy Guthrie,Orioles,209.1,93.9,,,93.3,85.4,84.9,74.2,,,,2072
2012,Lance Lynn,Cardinals,176,93.9,87.7,,92.6,84.7,,79.9,,,,2520
2012,Clayton Kershaw,Dodgers,227.2,93.9,,,,85,86.1,74.7,,,,2036
2014,Max Scherzer,Tigers,220.1,93.9,,,92.1,84.8,85.8,78.2,,,,3137
2011,Jordan Zimmermann,Nationals,161.1,93.9,,,,86.2,86.8,78.3,,,,4505
2014,Lance Lynn,Cardinals,203.2,93.8,88.6,,92.2,86.2,,80.2,,,,2520
2017,Sonny Gray,- - -,162.1,93.8,91.1,,92,89.9,85.5,81.5,,,,12768
2012,Mat Latos,Reds,209.1,93.8,,,93.2,84.6,86.1,79.9,,,,3815
2011,Chris Carpenter,Cardinals,237.1,93.8,88.6,,92.9,86.3,,75.6,,,,1292
2007,Chien-Ming Wang,Yankees,199.1,93.8,,,93.8,81.1,84.7,,,,,2074
2013,Jon Lester,Red Sox,213.1,93.8,90.6,,92.6,86.2,,76.6,,,,4930
2011,Gio Gonzalez,Athletics,202,93.8,,,93.1,84.7,,81,,,,7448
2018,Jose Berrios,Twins,192.1,93.8,,,93.2,84.1,,82,,,,14168
2012,Johnny Cueto,Reds,217,93.8,89.5,,93.5,84.5,84.4,82.1,,,,6893
2016,Marcus Stroman,Blue Jays,204,93.8,90.7,,93.1,85.4,87.3,82,,,,13431
2009,Jorge De La Rosa,Rockies,185,93.8,,84.6,,,85.2,75.9,,,,2047
2015,Trevor Bauer,Indians,176,93.8,92.2,85.5,93.8,85.9,85.4,78.4,,,87.9,12703
2007,Javier Vazquez,White Sox,216.2,93.8,,,92.8,83,86,75.9,,,,801
2014,Francisco Liriano,Pirates,162.1,93.8,,,93.5,86.5,86.2,,,,,3201
2016,David Price,Red Sox,230,93.8,88.9,,93.5,85.1,,79.5,,,,3184
2011,James McDonald,Pirates,171,93.8,,,93.2,82.4,81.2,77.3,,,,5523
2011,Bartolo Colon,Yankees,164.1,93.8,90.6,,91.6,83.3,84.5,,,,,375
2013,Edinson Volquez,- - -,170.1,93.8,,,93.6,84.3,,80.3,,,,3990
2012,Ivan Nova,Yankees,170.1,93.8,,,,87,88,81,,,,1994
2010,Max Scherzer,Tigers,195.2,93.7,,,,84.1,84.7,,,,,3137
2011,Matt Harrison,Rangers,185.2,93.7,87.9,,93,83.8,,78.2,,,,5551
2014,Hector Noesi,- - -,172.1,93.7,88.8,,93.4,87.6,,81.1,,,,3292
2009,Roy Oswalt,Astros,181.1,93.7,,,92.9,83.9,84.7,72.5,,,,571
2010,Phil Hughes,Yankees,176.1,93.7,89.5,,,86,,76.9,,,,7450
2015,Cole Hamels,- - -,212.1,93.7,90,,93.6,85.4,,79.2,,,,4972
2015,Anthony DeSclafani,Reds,184.2,93.7,,,93,86.8,87.8,79.9,,,,13050
2012,Yu Darvish,Rangers,191.1,93.7,90.5,89.1,93.6,87.8,83,79.9,70.5,,,13074
2012,Josh Johnson,Marlins,191.1,93.7,,,93.2,87.9,87.7,79.3,,,,4567
2016,Matt Moore,- - -,198.1,93.7,90.9,,93.3,85.2,,82.1,,,,1890
2011,Josh Beckett,Red Sox,193,93.7,90.9,,93.7,89.1,,78,,,,510
2012,Jarrod Parker,Athletics,181.1,93.7,,,93.1,81.9,88.9,82.7,,,,4913
2011,Jason Hammel,Rockies,170.1,93.7,,,93.5,87.1,84.9,78.2,,,,4538
2013,Gio Gonzalez,Nationals,195.2,93.7,,,92.9,84.5,,79.2,,,,7448
2010,Zack Greinke,Royals,220,93.7,,,93.4,85.4,86.5,74.8,65.3,,,1943
2007,Matt Cain,Giants,200,93.7,,,93.5,87.2,85.8,76.5,,,,4732
2016,Cole Hamels,Rangers,200.2,93.7,90.1,,93.5,85.2,,80.2,,,,4972
2015,Corey Kluber,Indians,222,93.6,89.3,,93.8,85.8,83.7,,,,,2429
2014,Clayton Kershaw,Dodgers,198.1,93.6,,,91,88.5,88.1,74.6,60.9,,,2036
2012,Lucas Harrell,Astros,193.2,93.6,89.9,,93.3,83.7,,84.1,,,,7541
2014,Felix Hernandez,Mariners,236,93.6,,,93,89.9,85.2,81,,,,4772
2013,Yu Darvish,Rangers,209.2,93.6,89.9,88.7,93.3,85.9,82.2,79.7,67.1,,,13074
2016,Chris Sale,White Sox,226.2,93.6,,,91.8,86,79,,,,,10603
2012,Homer Bailey,Reds,208,93.6,,86.5,92.4,,88.3,78.9,,,,8362
2012,Justin Masterson,Indians,206.1,93.6,,,91.9,86.6,83.2,,,,,2038
2016,Ervin Santana,Twins,181.1,93.6,87.1,,92.8,85.5,84.1,78.1,,,,3200
2008,Roy Oswalt,Astros,208.2,93.6,,,92.6,84.1,84.7,70.5,,,,571
2011,Jon Lester,Red Sox,191.2,93.6,89.5,,92.7,85.3,,76,,,,4930
2007,John Smoltz,Braves,205.2,93.6,,86.1,93,,88,78.6,,,,115
2014,James Shields,Royals,227,93.6,87.6,,92.9,86.1,,80.4,,,,7059
2011,Bud Norris,Astros,186,93.6,,,93.4,83.9,87.1,,,,,9492
2014,Matt Garza,Brewers,163.1,93.6,,,93.2,86.4,85.2,75.2,,,,3340
2018,Ivan Nova,Pirates,161,93.6,,,93.2,87,,81,,,,1994
2012,Rick Porcello,Tigers,176.1,93.5,,,92.6,84.1,85.9,79.4,,,,2717
2012,Jon Lester,Red Sox,205.1,93.5,91,,92.7,86.5,,76.6,,,,4930
2008,Ben Sheets,Brewers,198.1,93.5,,87.2,92.6,,87.8,80.7,,,,710
2011,Brad Penny,Tigers,181.2,93.5,88.5,86.9,93,,,78.5,,,,535
2012,A.J. Burnett,Pirates,202.1,93.5,,,93.3,88.7,,82.7,,,,512
2011,Yovani Gallardo,Brewers,207.1,93.5,,,93.5,86.2,88,81.4,,,,8173
2018,Kyle Gibson,Twins,196.2,93.5,,,93.3,86,85.7,81,,,,10123
2010,Jason Hammel,Rockies,177.2,93.5,,,93.3,85.8,84.4,78.2,,,,4538
2013,Bud Norris,- - -,176.2,93.5,88,,93.3,86.1,85,80.1,,,,9492
2013,A.J. Burnett,Pirates,191,93.5,,,93.3,88.4,,83.4,,,,512
2017,Ivan Nova,Pirates,187,93.5,,,92.8,86.7,,80.9,,,,1994
2014,Jason Hammel,- - -,176.1,93.5,,,93.4,86.3,83.6,77.2,,,,4538
2015,Jordan Zimmermann,Nationals,201.2,93.5,,,,87.1,88,80.9,,,,4505
2009,Johnny Cueto,Reds,171.1,93.5,,,93,84.6,86.8,,,,,6893
2014,Ervin Santana,Braves,196,93.5,,,92.1,85.2,84.1,,,,,3200
2010,Wade Davis,Rays,168,93.5,,,91.7,85.8,86.7,80.4,,,,7441
2017,Martin Perez,Rangers,185,93.5,,,93.2,84.9,84.2,79.1,,,,6902
2011,A.J. Burnett,Yankees,190.1,93.5,,,93.5,88.9,86.5,83.3,,,,512
2018,Sean Newcomb,Braves,164,93.5,,,,86.8,80.7,77.1,,,,16943
2012,Chris Sale,White Sox,192,93.4,,,90.2,83.1,79.2,,,,,10603
2013,Clayton Kershaw,Dodgers,236,93.4,,,90.2,86.1,85.8,74.4,,,,2036
2007,Boof Bonser,Twins,173,93.4,87,,92.5,83.2,,80.6,,,,2159
2011,Ervin Santana,Angels,228.2,93.4,,,,86.6,82.8,,,,,3200
2015,Alfredo Simon,Tigers,187,93.4,88.6,85.2,93.6,65.4,,77.3,,,,2155
2013,Lance Lynn,Cardinals,201.2,93.4,87.8,,92.4,85.4,,79.7,,,,2520
2012,Matt Harrison,Rangers,213.1,93.4,86.9,,92.7,83.5,,79.4,,,,5551
2011,Zack Greinke,Brewers,171.2,93.4,,,93.3,85.6,85,74,61.6,,,1943
2011,Ivan Nova,Yankees,165.1,93.4,,,,86.7,86.4,80.9,,,,1994
2008,Daniel Cabrera,Orioles,180,93.4,,,,83.3,81.6,,,,,1931
2009,Mike Pelfrey,Mets,184.1,93.4,,,93,83.5,85.4,76.8,,,,5203
2018,Aaron Nola,Phillies,212.1,93.3,,,91.9,85.3,,78.5,,,,16149
2010,Tommy Hanson,Braves,202.2,93.3,,,91.4,83.5,84.7,76.7,,,,9129
2012,Luke Hochevar,Royals,185.1,93.3,88.7,,93,85.5,85.4,78.8,,,,6943
2010,Yovani Gallardo,Brewers,185,93.3,,,,84.7,87.4,80.8,,,,8173
2016,Corey Kluber,Indians,215,93.3,90.1,,93.5,86.5,84.7,,,,,2429
2017,Ervin Santana,Twins,211.1,93.3,,,92.2,86.1,84.6,,,,,3200
2014,Justin Verlander,Tigers,206,93.3,,,,84.4,86.4,80,,,,8700
2015,Francisco Liriano,Pirates,186.2,93.3,,,93.2,85.1,85.6,,,,,3201
2008,Ian Snell,Pirates,164.1,93.3,,,92.5,85.8,84.9,81.9,,,,2227
2010,Clayton Kershaw,Dodgers,204.1,93.3,,,,84.7,82,73.9,,,,2036
2012,Jeremy Guthrie,- - -,181.2,93.3,,,93.4,85.3,85.1,75.9,68,,,2072
2013,Ervin Santana,Royals,211,93.3,,,92.8,86.6,84.4,,,,,3200
2016,Kendall Graveman,Athletics,186,93.3,89.5,,93.6,86,83.7,80.8,,,,15514
2015,Johnny Cueto,- - -,212,93.3,88.6,,93,84,85.1,81.4,,,,6893
2007,Scott Kazmir,Devil Rays,206.2,93.3,,,92.2,81.9,85,,,,,4897
2010,Roy Oswalt,- - -,211.2,93.3,,,92.7,83.5,84.7,73.4,64.7,,,571
2012,Ubaldo Jimenez,Indians,176.2,93.3,,84.6,93,,83.3,78.3,,,,3374
2007,John Maine,Mets,191,93.2,,,,85.2,84.8,,,,,4773
2012,James Shields,Rays,227.2,93.2,90.3,,92.7,85.9,,80.5,,,,7059
2009,Jeremy Guthrie,Orioles,200,93.2,,,93.2,85,84.2,73.4,,,,2072
2011,Roberto Hernandez,Indians,188.2,93.2,,,93.3,86.3,86.9,,,,,3273
2009,Brett Anderson,Athletics,175.1,93.2,,,91.9,84.6,84.2,77.5,,,,8223
2014,Phil Hughes,Twins,209.2,93.2,89.5,,92.4,84.7,,77.2,,,,7450
2013,Jeremy Guthrie,Royals,211.2,93.2,,,93.2,85.8,84.4,74.8,64,,,2072
2009,Chris Carpenter,Cardinals,192.2,93.2,87.9,,93.1,85.5,,75.2,,,,1292
2012,CC Sabathia,Yankees,200,93.2,,,92.6,86.7,81.9,78.3,,,,404
2011,Luke Hochevar,Royals,198,93.2,88.2,,93,82,84,77.6,,,,6943
2011,Jeremy Guthrie,Orioles,208,93.2,,,93.2,84.2,83.7,74,,,,2072
2007,Daisuke Matsuzaka,Red Sox,204.2,93.2,87.3,82.6,92.3,,82.4,77.7,,,,7775
2010,Ervin Santana,Angels,222.2,93.2,,,,85.8,83,,,,,3200
2008,Gil Meche,Royals,210.1,93.2,89.2,,,84.3,,79.3,,,,1089
2010,Mike Pelfrey,Mets,204,93.2,,85.5,92.9,,84.7,76.3,,,,5203
2007,Johan Santana,Twins,219,93.2,,,93,83,86,,,,,755
2012,Clay Buchholz,Red Sox,189.1,93.2,90.1,86,92.7,80.7,,78,,,,3543
2015,Lance Lynn,Cardinals,175.1,93.2,87.5,,91.8,86,,78.6,,,,2520
2016,Tanner Roark,Nationals,210,93.2,90.7,,92.9,84.6,86.2,78.1,,,,8753
2014,Cole Hamels,Phillies,204.2,93.2,89.6,,93.1,85,,79.1,,,,4972
2009,Matt Cain,Giants,217.2,93.1,,,92.7,86.9,86.4,76.1,,,,4732
2013,Jerome Williams,Angels,169.1,93.1,89.9,,92.8,85.7,81.3,78.2,,,,1137
2012,Luis Mendoza,Royals,166,93.1,,,92.7,83.5,,81.5,,,,3126
2018,David Price,Red Sox,176,93.1,89,,93.1,85.4,,79.4,,,,3184
2009,Tim Lincecum,Giants,225.1,93.1,,83.8,92.8,,81.7,77.2,,,,5705
2011,Tim Lincecum,Giants,217,93.1,,84.5,92.6,,85.7,79.6,,,,5705
2017,Clayton Kershaw,Dodgers,175,93.1,,,94.9,86.2,88.9,73.7,,,,2036
2011,Mike Pelfrey,Mets,193.2,93.1,89.1,85.1,92.9,,85.4,77,,,,5203
2015,Scott Kazmir,- - -,183,93.1,87.9,,91.8,77,81.6,77.6,,,,4897
2015,Mike Leake,- - -,192,93.1,90.8,,91.9,86.6,82,80.7,,,,10130
2017,Corey Kluber,Indians,203.2,93.1,89.2,,93,86.2,84.7,,,,,2429
2007,Kip Wells,Cardinals,162.2,93.1,,,92.6,86.4,86.5,81.4,,,,1012
2008,Nick Blackburn,Twins,193.1,93.1,87.8,,91.5,82.3,,77.2,,,,4270
2016,Jon Lester,Cubs,202.2,93.1,89.4,,91.7,85.5,,75.2,,,,4930
2014,Drew Hutchison,Blue Jays,184.2,93,,,92.6,86,85.2,,,,,10732
2014,Jon Lester,- - -,219.2,93,88.8,,91.8,85.8,,76,,,,4930
2008,Manny Parra,Brewers,166,93,,84.9,,,,76.8,,62.1,,4279
2014,Jorge De La Rosa,Rockies,184.1,93,87.9,83.7,92.9,,,74.9,,,,2047
2015,Madison Bumgarner,Giants,218.1,93,87.1,,,85.9,,77.5,70.5,,,5524
2013,Jarrod Parker,Athletics,197,93,,,92.5,82.6,,83.6,,,,4913
2013,Patrick Corbin,Diamondbacks,208.1,93,,,93,83,80.7,,,,,9323
2013,James Shields,Royals,228.2,93,87.7,,92.6,85.6,,79.5,,,,7059
2011,Charlie Morton,Pirates,171.2,93,89.1,84.8,92.2,,,79.3,,,,4676
2013,Bartolo Colon,Athletics,190.1,93,89.5,,89.9,83.4,84.2,,,,,375
2010,Gio Gonzalez,Athletics,200.2,93,,,92.3,83.7,,79.4,,,,7448
2013,Julio Teheran,Braves,185.2,93,,,90.5,82.7,82,73.6,,,,6797
2017,Masahiro Tanaka,Yankees,178.1,93,89.8,87.7,91.4,,84.7,77,,,,15764
2012,James McDonald,Pirates,171,92.9,,,92.4,83.1,80.4,77.2,,,,5523
2014,Alex Cobb,Rays,166.1,92.9,,87.9,92.7,,,81.7,,,,6562
2014,Wei-Yin Chen,Orioles,185.2,92.9,,,92.3,84.5,83.1,75,67.6,,,13071
2008,Matt Cain,Giants,217.2,92.9,,,92.7,87,85.9,76.5,,,,4732
2012,Zack Greinke,- - -,212.1,92.9,89.6,,93.1,86.1,83.3,74.1,66.6,,,1943
2013,Ubaldo Jimenez,Indians,182.2,92.9,90,84.1,92.2,,84.2,78.3,,,,3374
2015,Gio Gonzalez,Nationals,175.2,92.9,,,92.4,84.6,,78.8,,,,7448
2015,Jason Hammel,Cubs,170.2,92.9,,,92.9,85.5,84.9,77.2,,,,4538
2008,Todd Wellemeyer,Cardinals,191.2,92.9,,,93.1,85.4,85.2,,,,,1709
2012,Felix Hernandez,Mariners,232,92.9,,,92.3,89.1,85.6,81.9,,,,4772
2018,Jake Arrieta,Phillies,172.2,92.9,,,93.6,88.5,89.9,81.2,,,,4153
2011,Hiroki Kuroda,Dodgers,202,92.9,,87.4,92.7,,84.7,78.8,,,,3283
2014,Jeremy Guthrie,Royals,202.2,92.9,88.6,,92.9,86.8,85.4,76.1,65,,,2072
2010,Roberto Hernandez,Indians,210.1,92.9,,,92.8,86.6,87.1,,,,,3273
2010,Hiroki Kuroda,Dodgers,196.1,92.9,,87.5,93,,85.4,81,,,,3283
2014,Roenis Elias,Mariners,163.2,92.9,89.7,,92.7,86.5,,79.8,,,,12673
2016,Chris Tillman,Orioles,172,92.9,86.8,,92.7,84.8,84.8,76.5,,,,5279
2015,Tom Koehler,Marlins,187.1,92.9,91.6,,93,85.2,86,79.6,,,,6570
2015,Felix Hernandez,Mariners,201.2,92.8,92.4,,92.2,88.7,85,80.8,,,,4772
2007,Jeremy Bonderman,Tigers,174.1,92.8,,,92.3,85.4,84.2,,,,,1667
2010,Kyle Davies,Royals,183.2,92.8,89,,92.5,83.1,,78.7,,,,3642
2017,Tanner Roark,Nationals,181.1,92.8,89.6,,92.5,84,85.9,76.1,,,,8753
2015,J.A. Happ,- - -,172,92.8,,,91.5,85.8,84.8,79,,,,7410
2014,Madison Bumgarner,Giants,217.1,92.8,88.9,,,84.4,,77.6,70.7,,,5524
2016,Tom Koehler,Marlins,176.2,92.8,,,93.1,85.6,86.2,79.5,,,,6570
2011,Ricky Romero,Blue Jays,225,92.8,,,92.3,85.8,85.3,77.9,,,,3403
2008,Vicente Padilla,Rangers,171,92.8,,82.4,92.5,,,64.9,53.6,,,964
2015,Wei-Yin Chen,Orioles,191.1,92.8,,84.9,92,84.1,84.3,74.3,,,,13071
2016,Brandon Finnegan,Reds,172,92.8,85,,92.3,84.9,84.4,,,,,16208
2015,Jon Lester,Cubs,205,92.8,88.7,,91.7,85.2,,75.5,,,,4930
2016,Chad Bettis,Rockies,186,92.8,,,91.8,86.8,86.9,75.8,,,,10587
2012,Phil Hughes,Yankees,191.1,92.8,87.3,,92.1,84.7,81.7,75.5,,,,7450
2016,Ian Kennedy,Royals,195.2,92.8,86.5,,91.4,84.5,,77.9,,,,6986
2018,Cole Hamels,- - -,190.2,92.8,88,,91.9,83.9,85.4,79.2,,,,4972
2018,Lucas Giolito,White Sox,173.1,92.8,,,92.8,82.2,84.2,79,,,,15474
2016,J.A. Happ,Blue Jays,195,92.8,85.5,,91.5,84.2,85.7,79,,,,7410
2016,Jason Hammel,Cubs,166.2,92.8,,,92.9,85.3,85.5,77.5,,,,4538
2013,Rick Porcello,Tigers,177,92.7,,,92,83.4,85.6,78.8,,,,2717
2014,John Lackey,- - -,198,92.7,,,92.3,84.4,84.5,79.1,,,,1507
2017,Patrick Corbin,Diamondbacks,189.2,92.7,87.8,,92.5,83.8,81.3,,,,,9323
2015,Chris Tillman,Orioles,173,92.7,86.9,,92.2,83.7,82.6,76.4,,,,5279
2008,Jon Lester,Red Sox,210.1,92.7,88.3,,90.9,83.3,,75.9,,,,4930
2015,Rick Porcello,Red Sox,172,92.7,,,91.3,82.9,87.5,75.9,,,,2717
2007,Gil Meche,Royals,216,92.7,87.8,,,83.1,,77.7,,,,1089
2013,Chris Tillman,Orioles,206.1,92.7,87.5,,,83.9,,77.6,,,,5279
2011,Cole Hamels,Phillies,216,92.7,89.6,,88.7,84.3,,77.1,,,,4972
2017,Rick Porcello,Red Sox,203.1,92.7,,,90.3,80.7,85.9,75,,,,2717
2013,Felix Hernandez,Mariners,204.1,92.7,90.4,,92.3,89.5,84.8,81.2,,,,4772
2014,Kyle Gibson,Twins,179.1,92.7,,,92.3,84.4,85.3,81.3,,,,10123
2018,J.A. Happ,- - -,177.2,92.7,,,90.8,86.3,85.7,76.4,,,,7410
2014,Clay Buchholz,Red Sox,170.1,92.7,88.5,84.9,92,82.2,,78.2,,,,3543
2012,Bud Norris,Astros,168.1,92.7,,,92.6,85.8,85,,,,,9492
2009,Yovani Gallardo,Brewers,185.2,92.7,,,,84.9,85.3,80.4,,,,8173
2017,Aaron Nola,Phillies,168,92.7,,,91.8,84.2,,77.7,,,,16149
2014,Ian Kennedy,Padres,201,92.6,85.5,,92.2,84.2,,78.2,,,,6986
2014,A.J. Burnett,Phillies,213.2,92.6,,,92.5,87.2,,82.4,,,,512
2008,Javier Vazquez,White Sox,208.1,92.6,,,91.6,81.7,85,74.2,,,,801
2007,Matt Belisle,Reds,177.2,92.6,,,93,85.2,87.4,75.7,,,,1837
2007,Dan Haren,Athletics,222.2,92.6,87.4,85.8,92.9,87.6,,82.6,,,,1757
2017,Lance Lynn,Cardinals,186.1,92.6,87.5,,91.6,84.7,,79.2,,,,2520
2016,Johnny Cueto,Giants,219.2,92.6,86.8,,91.9,83,85,80.1,,,,6893
2010,Cole Hamels,Phillies,208.2,92.6,89.7,,90.6,82.7,,77,,,,4972
2016,Jose Quintana,White Sox,208,92.6,90.9,,92.5,86.6,,78,,,,11423
2013,Cole Hamels,Phillies,220,92.6,89.1,,92.4,84.1,,77.4,,,,4972
2017,Jose Quintana,- - -,188.2,92.6,,,92.4,86.4,,77.4,,,,11423
2017,Jake Arrieta,Cubs,168.1,92.6,,,92.4,87.5,88.2,79.1,,,,4153
2007,Carlos Zambrano,Cubs,216.1,92.6,90.6,84.5,92,,81,64,,,,305
2010,Gavin Floyd,White Sox,187.1,92.6,,,92.4,84.5,84.3,78.9,,,,3886
2015,John Lackey,Cardinals,218,92.6,,,92.6,83.9,83.9,78.5,,,,1507
2013,John Lackey,Red Sox,189.1,92.6,,,92,84.2,86.3,80.2,,,,1507
2010,James Shields,Rays,203.1,92.5,86.9,,92.3,84.3,,78.2,,,,7059
2007,Kyle Lohse,- - -,192.2,92.5,,,92.2,83.6,86.4,76.7,,,,739
2009,Carlos Zambrano,Cubs,169.1,92.5,90.9,85.5,91.8,82.5,82.6,70.6,,,,305
2013,Madison Bumgarner,Giants,201.1,92.5,88.7,,,85.2,,77.8,69.1,,,5524
2013,Miguel Gonzalez,Orioles,171.1,92.5,,84.3,92.3,,85.2,78.5,,,,7024
2015,Kyle Gibson,Twins,194.2,92.5,,,92.3,84.3,85.3,80.8,,,,10123
2011,Anibal Sanchez,Marlins,196.1,92.5,,,92.8,84.1,85.9,76,,,,3284
2017,Jason Hammel,Royals,180.1,92.5,,,92.7,85.5,85.3,77.9,,,,4538
2018,Andrew Heaney,Angels,180,92.5,,,92.4,83.8,,79,,,,15423
2014,Zack Greinke,Dodgers,202.1,92.5,,,92.6,87.7,85.5,72.9,66,,,1943
2009,Ricky Nolasco,Marlins,185,92.5,,85.2,90.1,,84.4,77.9,75.8,,,3830
2009,Ricky Romero,Blue Jays,178,92.5,,,91.1,84.2,82,76.7,,,,3403
2009,Rick Porcello,Tigers,170.2,92.5,,,91.3,81.4,80.4,75.8,,,,2717
2009,Jason Hammel,Rockies,176.2,92.5,,,92.5,84.7,84.7,77.2,,,,4538
2016,Jake Odorizzi,Rays,187.2,92.5,87.2,85.6,92.5,83.8,83,72.1,,,,6397
2007,Erik Bedard,Orioles,182,92.5,,,93.5,81.8,,78.6,,,,126
2012,Yovani Gallardo,Brewers,204,92.5,,,92.4,87.6,88,80.3,,,,8173
2015,Zack Greinke,Dodgers,222.2,92.5,,,92.3,89,87.5,74.8,68,,,1943
2011,Madison Bumgarner,Giants,204.2,92.5,88,,,84.1,,77.4,,,,5524
2011,Chad Billingsley,Dodgers,188,92.5,89,,91.8,85.8,85.5,77.7,68.5,,,5842
2016,John Lackey,Cubs,188.1,92.5,,,92.3,84.9,83.7,78.6,,,,1507
2017,Dylan Bundy,Orioles,169.2,92.4,,,,84,83.4,74.9,,,,12917
2010,Justin Masterson,Indians,180,92.4,,,91.1,84.4,82.9,,,,,2038
2018,Kyle Freeland,Rockies,202.1,92.4,86.5,,91.2,86.1,81.7,,,,,16256
2009,Chad Billingsley,Dodgers,196.1,92.4,89,,91,85.8,84.5,79.5,70,,,5842
2018,Corey Kluber,Indians,215,92.4,88.9,,92.4,85.6,84.2,,,,,2429
2012,Anibal Sanchez,- - -,195.2,92.4,,,92.6,85.4,86.1,78.9,,,,3284
2013,Jorge De La Rosa,Rockies,167.2,92.4,,84.1,90.9,,85.7,74.5,,,,2047
2007,Jose Contreras,White Sox,189,92.4,,78.3,91.8,,85.8,,,,,1660
2018,Tyler Anderson,Rockies,176,92.4,88.1,,91.8,81.7,,74.1,,,,12880
2009,Ross Ohlendorf,Pirates,176.2,92.4,,,91.7,82.4,81.4,73.7,,,,8268
2013,Zack Greinke,Dodgers,177.2,92.4,87.9,,92.6,87,85.5,73.7,65.4,,,1943
2016,Rick Porcello,Red Sox,223,92.4,86.6,,90,80.7,85.3,74.2,,,,2717
2012,Cole Hamels,Phillies,215.1,92.4,89,,89.9,84,,76.5,,,,4972
2014,Wade Miley,Diamondbacks,201.1,92.4,,,91.9,83.4,86.3,79,,,,8779
2010,Matt Cain,Giants,223.1,92.3,,,91.9,85.6,85.8,77.7,,,,4732
2008,Jair Jurrjens,Braves,188.1,92.3,,,92.7,84.5,81,,,,,5556
2009,Gavin Floyd,White Sox,193,92.3,,,92.2,84.3,86.4,80.2,,,,3886
2009,Jeff Niemann,Rays,180.2,92.3,,,92.3,83.7,82.9,77.4,,,,8591
2008,Chad Billingsley,Dodgers,200.2,92.3,87.5,,90.9,84.2,,78.5,66.9,,,5842
2013,Matt Cain,Giants,184.1,92.3,,,92.2,86.7,87.5,80.1,,,,4732
2008,Jake Peavy,Padres,173.2,92.3,85.4,,92.7,84.4,80.8,76.8,67.6,,,1051
2008,Carlos Zambrano,Cubs,188.2,92.3,91,85.1,91.8,80.3,82.7,68.2,,,,305
2008,Hiroki Kuroda,Dodgers,183.1,92.3,,87.9,92.6,,84.1,79.8,,,,3283
2014,Jose Quintana,White Sox,200.1,92.3,90.8,,92.1,86.3,,80.9,,,,11423
2008,Joe Saunders,Angels,198,92.3,,,91.7,82.5,83.5,77.6,,,,4366
2010,Scott Baker,Twins,170.1,92.3,85.9,,91.8,84.1,82.7,81.3,,,,6176
2014,Scott Kazmir,Athletics,190.1,92.3,87.2,,91.9,78.2,82.5,77,,,,4897
2015,Ubaldo Jimenez,Orioles,184,92.3,89.6,85.4,91.5,,84.2,76.9,,,,3374
2011,Ryan Vogelsong,Giants,179.2,92.3,88.1,,91.8,84.3,,77.2,,,,1011
2015,Julio Teheran,Braves,200.2,92.3,,,91.2,83.3,81.4,72.7,,,,6797
2012,C.J. Wilson,Angels,202.1,92.3,89.7,,92.5,85.9,84.8,79,,,,3580
2017,Matt Moore,Giants,174.1,92.3,89.4,,,83.5,,81.5,,,,1890
2011,Wade Davis,Rays,184,92.3,,,90.4,85.2,86.8,79.4,,,,7441
2015,Ian Kennedy,Padres,168.1,92.3,86,,,84.2,,78,,,,6986
2014,Yovani Gallardo,Brewers,192.1,92.3,,,92.4,86.5,88.2,80,,,,8173
2010,Rick Porcello,Tigers,162.2,92.3,,,90.8,81.8,83.6,76.5,,,,2717
2014,Julio Teheran,Braves,221,92.3,,,89.6,82.3,82.1,74,,,,6797
2010,Chad Billingsley,Dodgers,191.2,92.3,88.7,,91.7,86.5,84.7,78.9,68.3,,,5842
2015,Jake Odorizzi,Rays,169.1,92.3,87.3,85.8,,,83.5,72.2,,,,6397
2009,Jonathan Sanchez,Giants,163.1,92.3,,83.9,92,,,81.7,,,,7507
2016,CC Sabathia,Yankees,179.2,92.3,89.2,,90.5,84.1,80.7,81.6,,,,404
2013,CC Sabathia,Yankees,211,92.2,,,91.2,85.4,81.8,76.8,,,,404
2015,Erasmo Ramirez,Rays,163.1,92.2,,,91.7,81.8,84.9,78.5,,,,10314
2011,Cliff Lee,Phillies,232.2,92.2,87.2,,92.5,85.3,80.4,76,,,,1636
2012,Ervin Santana,Angels,178,92.2,,,,85.7,83.2,,,,,3200
2012,Jeremy Hellickson,Rays,177,92.2,89.4,,91.3,80.3,,78.3,,,,4371
2010,Tim Lincecum,Giants,212.1,92.2,,84.6,91.9,,83.7,78.4,,,,5705
2017,Alex Cobb,Rays,179.1,92.2,,85.9,92,,,80.9,,,,6562
2012,Matt Cain,Giants,219.1,92.2,,,91.7,86.7,87.3,78.8,,,,4732
2008,Ricky Nolasco,Marlins,212.1,92.2,,83.2,90.4,,84.9,77.8,74.1,,,3830
2010,Trevor Cahill,Athletics,196.2,92.2,,,91.1,81.6,83.5,78.5,,,,6249
2015,James Shields,Padres,202.1,92.2,86.7,,91.4,85.2,,79.2,67.4,,,7059
2008,Aaron Cook,Rockies,211.1,92.2,84.1,,91.1,84.7,,79.6,,,,1571
2009,Scott Baker,Twins,200,92.2,85.2,,91.3,83.8,82.2,79.7,,,,6176
2012,Madison Bumgarner,Giants,208.1,92.2,88.6,,,85.2,,76.9,,,,5524
2011,Brandon McCarthy,Athletics,170.2,92.2,91.3,85.3,92,80.7,,81.1,,,,4662
2011,John Danks,White Sox,170.1,92.2,88.8,,91.8,83.8,,77.7,,,,6329
2010,Jeff Niemann,Rays,174.1,92.2,,,92.6,85.9,86.7,79.4,,,,8591
2013,Wade Miley,Diamondbacks,202.2,92.2,,,91.7,83.7,84.3,77.6,,,,8779
2012,Cliff Lee,Phillies,211,92.2,87.5,,92.4,85.6,80.8,75.1,,,,1636
2018,Derek Holland,Giants,171.1,92.2,,,92,83.5,81,79.8,,,,4141
2011,Chris Volstad,Marlins,165.2,92.2,,,92.1,85.3,85.1,79.3,,,,9901
2007,Chad Gaudin,Athletics,199.1,92.1,,,91.2,87.4,81.9,,,,,1783
2012,Wade Miley,Diamondbacks,194.2,92.1,,,91.6,81.8,82.4,76.8,,,,8779
2012,Gavin Floyd,White Sox,168,92.1,,,92,86.2,86.2,80.6,,,,3886
2009,Nick Blackburn,Twins,205.2,92.1,86.8,,91,82.3,,78.2,,,,4270
2015,Jeff Locke,Pirates,168.1,92.1,,,91.9,81.6,,80.1,,,,2929
2008,Oliver Perez,Mets,194,92.1,,,90.5,80.8,79.5,66.2,,,,1514
2009,Adam Wainwright,Cardinals,233,92.1,85.5,,91.2,82,,74.5,,,,2233
2012,Hiroki Kuroda,Yankees,219.2,92.1,,86.7,92.5,,84.3,76.9,,,,3283
2012,Josh Beckett,- - -,170.1,92.1,89.7,85.8,92.2,87.3,86.2,76.3,,,,510
2008,Johan Santana,Mets,234.1,92.1,,,91.8,80.8,84.1,,,,,755
2009,John Lackey,Angels,176.1,92.1,,,91.7,84.6,82.6,79.3,,,,1507
2016,Gio Gonzalez,Nationals,177.1,92.1,,,91.4,84.5,,78,,,,7448
2014,Mike Leake,Reds,214.1,92.1,90.6,,91.6,85.3,82.2,80.4,,,,10130
2010,Anibal Sanchez,Marlins,195,92.1,,,92,84.3,85.1,76.9,,,,3284
2013,Jose Quintana,White Sox,200,92.1,88.7,,92.2,85.7,,80.1,,,,11423
2009,Javier Vazquez,Braves,219.1,92.1,,,91.5,80.2,84.5,73.6,,,,801
2010,Chris Carpenter,Cardinals,235,92,87,,92,84.9,,74.7,,,,1292
2018,Jose Quintana,Cubs,174.1,92,,,92,86.8,,76.5,,,,11423
2013,Hiroki Kuroda,Yankees,201.1,92,,86.8,92.3,,84.5,76.6,,,,3283
2008,Daisuke Matsuzaka,Red Sox,167.2,92,88.4,82.3,91.2,,81.2,76.3,,,,7775
2018,Dylan Bundy,Orioles,171.2,92,,,91.9,84.1,81.8,75,,,,12917
2011,Jhoulys Chacin,Rockies,194,92,,,91,85,83.3,79.6,,,,2608
2016,Hector Santiago,- - -,182,92,86.9,,,83.3,81.9,75.6,,,,4026
2012,Ryan Vogelsong,Giants,189.2,92,89,,91.6,84.1,,77.4,,,,1011
2016,Masahiro Tanaka,Yankees,199.2,92,88.6,86.9,90.3,,84.4,76,,,,15764
2015,Jose Quintana,White Sox,206.1,92,90.5,,92,86.2,,80.1,,,,11423
2007,Adam Wainwright,Cardinals,202,92,85.7,,91.8,82.8,,74.4,,,,2233
2011,Matt Cain,Giants,221.2,92,,,91.4,86.3,86.5,78.5,,,,4732
2015,A.J. Burnett,Pirates,164,92,,,91.5,85.6,,82.4,,,,512
2007,Cole Hamels,Phillies,183.1,92,,,,83.2,,78.8,,,,4972
2010,John Danks,White Sox,213,92,87.6,,90.4,82.9,,77.3,,,,6329
2017,Julio Teheran,Braves,188.1,92,,,91.8,82.8,83.1,73.8,,,,6797
2016,Julio Teheran,Braves,188,91.9,,,90.5,82.9,81.8,72.3,,,,6797
2013,Adam Wainwright,Cardinals,241.2,91.9,88.5,,91.5,84.5,,75.8,,,,2233
2018,Tanner Roark,Nationals,180.1,91.9,89.5,,91.7,83.8,85.3,75.1,,,,8753
2012,Wei-Yin Chen,Orioles,192.2,91.9,,,91.2,84.9,81.1,72,,,,13071
2010,John Lackey,Red Sox,215,91.9,,,91,84.9,84.1,80,,,,1507
2009,Trevor Cahill,Athletics,178.2,91.9,,,89.8,80.5,84,80.3,,,,6249
2014,Tanner Roark,Nationals,198.2,91.9,,,91.9,82.8,84,74.2,,,,8753
2016,Drew Pomeranz,- - -,170.2,91.9,86.5,,90.1,86.8,85.7,80,,,,11426
2008,Ryan Dempster,Cubs,206.2,91.9,,83,91.8,,85.2,,,,,517
2012,Ricky Romero,Blue Jays,181,91.9,,,91.4,83.5,86.4,77.6,,,,3403
2011,James Shields,Rays,249.1,91.9,87.3,,91.2,84.6,,78.4,,,,7059
2007,Aaron Cook,Rockies,166,91.9,83.9,,91.7,85.5,,80.5,,,,1571
2010,Cliff Lee,- - -,212.1,91.9,87.1,,92.4,85.5,79.9,76.4,,,,1636
2014,Hiroki Kuroda,Yankees,199,91.9,90,87,92.1,,83.6,77.2,,,,3283
2009,Jair Jurrjens,Braves,215,91.9,,,92,83.1,80.6,,,,,5556
2011,Tim Stauffer,Padres,185.2,91.9,86.6,,91.2,81.1,,77.7,,,,6432
2017,Jhoulys Chacin,Padres,180.1,91.9,89.2,,91.5,83.8,80.4,76.6,,,,2608
2015,Brett Anderson,Dodgers,180.1,91.8,,,91.2,84.1,82.7,76.6,,,,8223
2018,Jakob Junis,Royals,177,91.8,,,91.1,85.2,82.2,80.2,,,,13619
2011,Gavin Floyd,White Sox,193.2,91.8,,,91.5,84.9,86.1,79.3,,,,3886
2007,Tim Hudson,Braves,224.1,91.8,87.4,82.8,92,,82.2,76.9,,,,921
2015,Wade Miley,Red Sox,193.2,91.8,89.1,,91.6,83.7,85.1,77.6,,,,8779
2010,Ryan Dempster,Cubs,215.1,91.8,,82.5,91.8,,85.4,,,,,517
2008,John Danks,White Sox,195,91.8,87.3,,91.1,83.2,,77.8,,,,6329
2013,Cliff Lee,Phillies,222.2,91.8,87.7,,91.6,84.9,81.9,75.3,,,,1636
2008,Gavin Floyd,White Sox,206.1,91.8,,,91.5,82,85.7,79.6,,,,3886
2008,Scott Baker,Twins,172.1,91.8,84.6,,91,82.9,82,78.9,,,,6176
2018,Trevor Williams,Pirates,170.2,91.7,,,89.4,83.9,82.1,75.9,,,,16977
2014,Rick Porcello,Tigers,204.2,91.7,,,91.2,82.6,86.2,78.1,,,,2717
2017,Drew Pomeranz,Red Sox,173.2,91.7,86.9,,90.4,81.3,,79.6,,,,11426
2014,Chris Tillman,Orioles,207.1,91.7,86.3,,91.2,83.4,,76.2,,,,5279
2017,Clayton Richard,Padres,197.1,91.7,86.3,,90.6,84,,81.5,,,,3551
2011,C.J. Wilson,Rangers,223.1,91.7,87.9,,91.9,84.9,83.7,77.8,,,,3580
2016,Madison Bumgarner,Giants,226.2,91.7,87.6,,,84.1,,75.4,70.7,,,5524
2017,Jon Lester,Cubs,180.2,91.7,87.9,,90.5,84.9,,75.8,,,,4930
2016,Mike Leake,Cardinals,176.2,91.7,89.8,,91.1,85.3,81.4,78.7,,,,10130
2011,Jeremy Hellickson,Rays,189,91.7,,,90.5,80.7,,76.2,,,,4371
2012,Jon Niese,Mets,190.1,91.7,88.5,,90.8,84.5,,75.4,,,,4424
2008,Dana Eveland,Athletics,168,91.7,,,90.5,84,83.2,79.5,,,,5508
2013,C.J. Wilson,Angels,212.1,91.7,89.3,,92.2,86.2,83.2,78,,,,3580
2018,Rick Porcello,Red Sox,191.1,91.6,,,90.2,81.9,86.3,75,,,,2717
2009,James Shields,Rays,219.2,91.6,87.4,,91.2,82.7,,77.7,,,,7059
2007,Carlos Silva,Twins,202,91.6,,,92.1,81.9,83.9,,,,,973
2008,John Lackey,Angels,163.1,91.6,,,91.5,84,83.2,79.7,,,,1507
2015,Yovani Gallardo,Rangers,184.1,91.6,,,91.5,85.9,88.3,79.8,,,,8173
2009,Ryan Dempster,Cubs,200,91.6,,82.3,91.5,,85.4,,,,,517
2013,Yovani Gallardo,Brewers,180.2,91.6,,,91.4,86.4,87,78.9,,,,8173
2012,Joe Blanton,- - -,191,91.6,86.8,,91,84,84,78.3,,,,4849
2008,Kyle Lohse,Cardinals,200,91.6,,,91.3,82.6,84.1,75.3,,,,739
2013,Kevin Correia,Twins,185.1,91.5,89.2,,91.3,86.5,,78.8,,,,1767
2014,C.J. Wilson,Angels,175.2,91.5,88.5,,91.7,85.9,82.7,77.2,,83.4,,3580
2012,Tim Lincecum,Giants,186,91.5,,84.3,91.4,,84.4,78.7,,,,5705
2013,Mike Leake,Reds,192.1,91.5,89.2,,91.2,84.7,81.2,79.3,,,,10130
2014,Kyle Kendrick,Phillies,199,91.5,87.9,82.1,90.5,,,78.2,,,,6230
2008,James Shields,Rays,215,91.5,88.2,,91.2,82.7,,77.7,,,,7059
2008,Jon Garland,Angels,196.2,91.5,83.4,,90.9,81.4,,76.8,,,,232
2010,Chris Volstad,Marlins,175,91.5,,,91.6,84.5,84.8,78.5,,,,9901
2008,Dan Haren,Diamondbacks,216,91.5,87.2,85.8,91.6,86.4,,81.2,,,,1757
2010,Tim Hudson,Braves,228.2,91.5,86.1,84.8,91.6,81.3,81.7,76.2,,,,921
2011,Ricky Nolasco,Marlins,206,91.5,,83.1,91.1,,84.5,79.2,75.9,,,3830
2014,Jake Odorizzi,Rays,168,91.5,86.7,84.8,91.6,,83,70.3,,,,6397
2018,Jon Lester,Cubs,181.2,91.5,88.4,,90.6,85.4,,75.1,,,,4930
2008,Tim Redding,Nationals,182,91.5,,,90.5,83.2,85.4,78.2,,,,573
2013,Jeremy Hellickson,Rays,174,91.5,89.7,,91.3,80.5,,76.9,,,,4371
2013,Jhoulys Chacin,Rockies,197.1,91.5,,,90.3,83.1,81.5,77,,,,2608
2007,John Lackey,Angels,224,91.5,,,91.7,83.2,82.8,79.8,,,,1507
2010,Brad Bergesen,Orioles,170,91.4,,,90.3,83.2,82.5,,,,,8375
2013,Felix Doubront,Red Sox,162.1,91.4,86.9,,90.8,83.5,,75.1,,,,1478
2007,Chris Young,Padres,173,91.4,,,,82.5,81.9,73.5,,,,3196
2010,Adam Wainwright,Cardinals,230.1,91.4,86.4,,91.7,83.5,,74.6,,,,2233
2011,Javier Vazquez,Marlins,192.2,91.4,,,91.1,80.3,83.2,74,,,,801
2014,Bartolo Colon,Mets,202.1,91.4,87.4,,88.6,82.3,83,,,,,375
2016,Jerad Eickhoff,Phillies,197.1,91.4,,,91.7,84.4,82.4,75.5,,,,12664
2017,John Lackey,Cubs,170.2,91.4,,,91,83.8,82.7,77.8,,,,1507
2009,Cliff Lee,- - -,231.2,91.4,86.4,,91.8,84.3,78.9,76.2,,,,1636
2010,C.J. Wilson,Rangers,204,91.4,88.2,,91.9,83.3,83.4,76.3,,,,3580
2011,Rick Porcello,Tigers,182,91.4,,,90.6,81.7,84.4,76.8,,,,2717
2010,Jonathan Sanchez,Giants,193.1,91.4,,81.9,91.3,,,81.3,,,,7507
2013,Tim Lincecum,Giants,197.2,91.4,,84.6,91.2,,82.9,76.7,,,,5705
2012,Jake Peavy,White Sox,219,91.4,85.8,,91.4,83.9,82.8,79.9,,,,1051
2013,Ian Kennedy,- - -,181.1,91.4,87,,90.2,81.5,,78.8,,,,6986
2008,Randy Johnson,Diamondbacks,184,91.4,,,84.8,,84.7,,,,,60
2009,Joe Saunders,Angels,186,91.4,,,90.7,82.9,81.6,76.6,,,,4366
2009,Johan Santana,Mets,166.2,91.4,,,90.4,81.9,82.9,,,,,755
2007,Tom Gorzelanny,Pirates,201.2,91.3,,,90.4,83.7,81.9,74.5,,,,6244
2018,Jake Odorizzi,Twins,164.1,91.3,85.1,84.5,91.3,83.6,83,72.8,,,,6397
2018,Patrick Corbin,Diamondbacks,200,91.3,,,91.3,81.4,82.1,72.8,,,,9323
2013,Jeff Locke,Pirates,166.1,91.3,,,91,81.7,,80.5,,,,2929
2015,Collin McHugh,Astros,203.2,91.3,87.6,,,83.2,78.3,73.7,,,,7531
2007,Dontrelle Willis,Marlins,205.1,91.3,,,89.1,82.5,84,78.8,,,,1703
2010,Joe Saunders,- - -,203.1,91.3,,,91.1,82.5,81.1,76.6,,,,4366
2012,Mike Leake,Reds,179,91.3,89.4,,90.5,84.7,81.7,78.5,,,,10130
2007,James Shields,Devil Rays,215,91.3,87.8,,91,83.4,,78,,,,7059
2017,Ricky Nolasco,Angels,181,91.3,,81.1,91.1,,81.3,,73.9,,,3830
2010,Ricky Romero,Blue Jays,210,91.3,,,90.3,84.5,81.6,75.8,,,,3403
2009,Kevin Correia,Padres,198,91.3,,,91.4,84.3,85.7,76.5,,,,1767
2015,CC Sabathia,Yankees,167.1,91.3,81.9,,90.5,84.5,79.8,,,,,404
2012,Kevin Correia,Pirates,171,91.3,88.5,,91.3,87,,78,,,,1767
2013,Mike Minor,Braves,204.2,91.2,,,91,85.1,85.1,80.6,,,,10021
2016,Ricky Nolasco,- - -,197.2,91.2,,80,90.9,80.9,81.8,77.5,73.9,,,3830
2013,Ricky Nolasco,- - -,199.1,91.2,,80.8,91,,82.8,,75.2,,,3830
2011,Ryan Dempster,Cubs,202.1,91.2,83.8,82.5,91,85.5,85.9,64,,,,517
2014,Ryan Vogelsong,Giants,184.2,91.2,88.7,,91,84.3,77.3,77.6,,,,1011
2016,Wade Miley,- - -,166,91.2,87.6,,90.9,83.1,84.3,77.7,71.3,,,8779
2012,Mike Minor,Braves,179.1,91.2,,,,84.6,84.1,80,,,,10021
2010,Colby Lewis,Rangers,201,91.2,,,90.2,85.7,84.3,78.1,,,,1259
2014,Roberto Hernandez,- - -,164.2,91.2,,,91.1,84,84.7,79.7,,,,3273
2014,Adam Wainwright,Cardinals,227,91.2,87.3,,91.1,83.7,83.1,75.4,,,,2233
2018,Matthew Boyd,Tigers,170.1,91.1,,,89.7,78.9,81,72.6,,,,15440
2016,Jaime Garcia,Cardinals,171.2,91.1,,,91,82.6,81.8,75.5,,,,8137
2008,Cliff Lee,Indians,223.1,91.1,85.5,,91.5,83.1,78.6,75,,,,1636
2007,Joe Blanton,Athletics,230,91.1,,,90.5,83.4,82.5,74.3,,,,4849
2011,Philip Humber,White Sox,163,91.1,,,91.2,84.4,84.7,80.4,,,,8586
2016,James Shields,- - -,181.2,91.1,86.8,,90.5,84.1,81.9,77.7,68.6,,,7059
2009,Jason Marquis,Rockies,216,91.1,,,90.6,83.1,85.1,77.4,,,,105
2011,Ian Kennedy,Diamondbacks,222,91.1,86.6,,90.7,81.8,,78.3,,,,6986
2009,John Danks,White Sox,200.1,91.1,86.7,,,82.7,,77,,,,6329
2013,Hyun-Jin Ryu,Dodgers,192,91.1,,,,80.1,82.4,72.4,,,,14444
2008,Jesse Litsch,Blue Jays,176,91,,,90.1,81.2,85.9,77.6,,,,3688
2012,Ryan Dempster,- - -,173,91,87.9,82.2,90.3,,85.2,,,,,517
2009,Carl Pavano,- - -,199.1,91,,81.6,91.2,,83.5,79.2,,,,790
2010,Dan Haren,- - -,235,91,86.7,85.9,91.2,86.4,,79.5,,,,1757
2015,Bartolo Colon,Mets,194.2,91,86.8,,88,81.9,82.7,,,,,375
2009,Dan Haren,Diamondbacks,229.1,91,87,85.4,91.1,84.4,,78.6,,,,1757
2007,Aaron Harang,Reds,231.2,91,,,91.5,84.2,83.4,73.9,,,,1451
2012,Ricky Nolasco,Marlins,191,91,,81.7,90.8,,84,79.8,75.6,,,3830
2016,Collin McHugh,Astros,184.2,91,87.4,,90,84.3,85.1,73.1,,,,7531
2010,Jered Weaver,Angels,224.1,91,,,90.3,79.1,79.5,71.1,,,,4235
2007,Jason Marquis,Cubs,191.2,91,,,91.1,83.3,86.4,74.1,,,,105
2017,Zack Greinke,Diamondbacks,202.1,91,,,91,87.4,84.2,74.4,65.5,,,1943
2007,Jon Garland,White Sox,208.1,90.9,82.5,,90.8,80,,74.8,,,,232
2008,Brett Myers,Phillies,190,90.9,,,88.5,83,85.3,78.2,70.5,,,962
2009,Cole Hamels,Phillies,193.2,90.9,,,90.1,80.7,,76.1,,,,4972
2010,Brett Cecil,Blue Jays,172.2,90.9,87.3,,89.9,81.9,84.6,77.2,,,,2660
2016,Kenta Maeda,Dodgers,175.2,90.9,,,90.2,83.2,82.1,73.2,,,,18498
2011,Trevor Cahill,Athletics,207.2,90.9,,,89.9,81.4,84.1,79.6,,,,6249
2015,Hector Santiago,Angels,180.2,90.9,86.9,,87.6,83.5,80.6,74.8,,,73.4,4026
2016,Drew Smyly,Rays,175.1,90.9,85.2,,90.6,80.7,,76.4,,,,11760
2008,Jason Marquis,Cubs,167,90.9,,,90.7,84.7,84.9,77.8,,,,105
2009,Aaron Harang,Reds,162.1,90.9,,,90.1,82.5,81.7,73.9,,,,1451
2011,Doug Fister,- - -,216.1,90.9,87.5,83.5,90.6,,85.9,75.9,,,,9425
2007,Rich Hill,Cubs,195,90.9,,,90.6,82.9,82.7,73.7,,,,4806
2011,Tim Hudson,Braves,215,90.8,85.3,83.7,91.1,80.2,,76.7,,,,921
2012,Trevor Cahill,Diamondbacks,200,90.8,86.6,,90.2,81.8,,79.7,,,,6249
2010,Brian Matusz,Orioles,175.2,90.8,,,90.8,82.4,81.7,76.8,,,,2646
2018,Marco Gonzales,Mariners,166.2,90.8,87.6,,90.7,84.2,,78.6,,,,15467
2008,Paul Maholm,Pirates,206.1,90.8,,,90,84.4,80.3,73.9,,,,8678
2014,Jake Peavy,- - -,202.2,90.8,87.1,84.3,91,83.3,82.3,80.5,,,,1051
2017,Dan Straily,Marlins,181.2,90.8,,,90.4,83.7,84.1,73.9,,,,9460
2009,Wandy Rodriguez,Astros,205.2,90.8,,,90.4,84.4,,77.3,,,,2586
2011,Dan Haren,Angels,238.1,90.8,85.8,85.9,90.5,,,78.7,,,,1757
2012,Kyle Lohse,Cardinals,211,90.8,,,90.2,80.9,84.3,74.7,,,,739
2010,Randy Wells,Cubs,194.1,90.8,88,,90.2,84.6,85.1,,,,,4535
2011,Aaron Harang,Padres,170.2,90.7,,,90.5,83.3,82.8,75.3,,,,1451
2010,Jon Garland,Padres,200,90.7,85.7,,90.1,81.4,,77.7,,,,232
2016,Jeremy Hellickson,Phillies,189,90.7,86.1,,90.4,80.9,82.2,77.2,,,,4371
2009,Randy Wells,Cubs,165.1,90.7,89.3,,90.3,84.3,84.8,,,,,4535
2008,Jered Weaver,Angels,176.2,90.7,,,90.3,81.5,79.7,72.4,,,,4235
2016,Adam Wainwright,Cardinals,198.2,90.7,85.7,,90.8,82.9,,74.5,,,,2233
2012,Ian Kennedy,Diamondbacks,208.1,90.7,86.9,,,80.7,,78.7,,,,6986
2018,Gio Gonzalez,- - -,171,90.7,,,89.8,83.2,,76.2,,,,7448
2007,Derek Lowe,Dodgers,199.1,90.7,,,90.5,85.6,82.7,,,,,199
2010,Carl Pavano,Twins,221,90.7,,81.9,90.8,,84.3,,,,,790
2010,Jon Niese,Mets,173.2,90.7,86.3,,89.9,82,,75.3,,,,4424
2012,Tommy Hanson,Braves,174.2,90.6,,,90,80.8,81.6,73,,,,9129
2008,Cole Hamels,Phillies,227.1,90.6,,,89.5,80,,75.4,,,,4972
2013,Scott Feldman,- - -,181.2,90.6,88.8,,90.9,85.7,,76,,,,6283
2013,Kris Medlen,Braves,197,90.6,87.4,,90.2,82.8,84,77.5,,,,9417
2007,Wandy Rodriguez,Astros,182.2,90.5,,,90.5,84.1,,76.9,,,,2586
2013,Hisashi Iwakuma,Mariners,219.2,90.5,,86,89.7,,81.5,72.8,,,,13048
2011,Joe Saunders,Diamondbacks,212,90.5,,,90.1,81.8,83,76.7,,,,4366
2012,Wandy Rodriguez,- - -,205.2,90.5,,,89.9,84.6,,77.3,,,,2586
2013,Joe Saunders,Mariners,183,90.5,,,90.3,82.5,82.5,75.6,,,,4366
2007,Scott Olsen,Marlins,176.2,90.5,,,,83.6,82.7,,,,,4529
2015,Dallas Keuchel,Astros,232,90.5,87.4,,90.5,79.9,80.2,,,,,9434
2009,Paul Maholm,Pirates,194.2,90.5,88.1,,89.9,84.8,82.3,75.3,,,,8678
2008,Joe Blanton,- - -,197.2,90.5,,,89.9,83.3,82.7,75.3,,,,4849
2013,Kyle Lohse,Brewers,198.2,90.5,,,90.4,81.4,84.6,74.9,,,,739
2016,Mike Fiers,Astros,168.2,90.5,87,,89.8,83.2,82.1,74.8,,,,7754
2008,Derek Lowe,Dodgers,211,90.4,,,89.8,84.9,83.3,,,,,199
2010,Jaime Garcia,Cardinals,163.1,90.4,,,90.9,83.2,85.1,74,,,,8137
2017,Gio Gonzalez,Nationals,201,90.4,,,89.5,83.4,,75.1,,,,7448
2009,Joe Blanton,Phillies,195.1,90.4,89.7,,90,82.5,83.5,75.7,,,,4849
2018,Julio Teheran,Braves,175.2,90.4,,,89.9,83.1,80.6,72.8,,,,6797
2018,Jhoulys Chacin,Brewers,192.2,90.4,86.1,86.4,90.6,83.3,79.8,75.8,,,,2608
2010,Wandy Rodriguez,Astros,195,90.4,,,89.8,84.6,,76.4,,,,2586
2014,Dallas Keuchel,Astros,200,90.4,87.3,,90.5,79.9,80.4,,,,,9434
2010,Johan Santana,Mets,199,90.4,,,89.9,80.2,82.6,,,,,755
2009,Jon Garland,- - -,204,90.4,86.5,,90.2,80.5,,76.5,,,,232
2012,Aaron Harang,Dodgers,179.2,90.3,,,90.3,83.1,82.4,73.7,,,,1451
2007,Andy Pettitte,Yankees,215.1,90.3,85.5,,90.7,80.1,,74.7,,,,840
2010,Jeremy Bonderman,Tigers,171,90.3,,,90.2,85,81.9,,,,,1667
2016,Bartolo Colon,Mets,191.2,90.3,86.4,,87.8,81.5,82.3,,,,,375
2017,Jeremy Hellickson,- - -,164,90.3,87.1,,90.2,81.5,,76.9,,,,4371
2009,J.A. Happ,Phillies,166,90.3,,,,80.7,83,73.8,,,,7410
2017,Ty Blach,Giants,163.2,90.3,,,,80.5,79.8,76.8,,,,14361
2011,Jeff Karstens,Pirates,162.1,90.3,86.2,,88.9,81,79.6,71.3,,,,5879
2015,Aaron Harang,Phillies,172.1,90.3,88.7,,90.3,84.8,81.9,74.1,,,,1451
2012,Joe Saunders,- - -,174.2,90.3,,,89.6,80.8,,75.5,,,,4366
2011,Wandy Rodriguez,Astros,191,90.3,,,89.7,84.2,,76.5,,,,2586
2008,Aaron Harang,Reds,184.1,90.3,,,89.1,81.6,81.5,74.5,,,,1451
2015,Mike Fiers,- - -,180.1,90.3,86.2,,,83.8,82,73.3,,,,7754
2007,Paul Maholm,Pirates,177.2,90.2,,,89.5,81.6,78.6,73.5,,,,8678
2014,Hisashi Iwakuma,Mariners,179,90.2,87.4,85,89.2,,81,73.3,,,,13048
2015,Chris Heston,Giants,177.2,90.2,,,90,83,77.5,75,,,,10302
2008,Brandon Backe,Astros,166.2,90.2,87.5,,90.1,81,82.2,74.1,,,,1529
2013,Dillon Gee,Mets,199,90.2,,,90.4,84.4,82.8,75.9,,,,7396
2011,Jaime Garcia,Cardinals,194.2,90.2,,,90.5,83.3,86.2,73.7,,,,8137
2014,Kyle Lohse,Brewers,198.1,90.2,,,90.3,79.9,84.5,75.4,,,,739
2018,Dallas Keuchel,Astros,204.2,90.2,86.9,,89.5,80,79,,,,,9434
2013,Dan Haren,Nationals,169.2,90.2,86.2,84.3,89.6,,,78.9,,,,1757
2007,Nate Robertson,Tigers,177.2,90.2,,,89.6,82.4,83.1,,,,,1620
2017,Zach Davies,Brewers,191.1,90.1,86.9,,90.2,79.9,,73.8,,,,13183
2010,Brett Myers,Astros,223.2,90.1,,,89.6,82.9,83.8,76.8,,,,962
2011,Kyle Lohse,Cardinals,188.1,90.1,,,90.1,80.3,84,75,,,,739
2013,Travis Wood,Cubs,200,90.1,87.6,,89.7,79.3,78.5,71.5,,,,9884
2011,John Lannan,Nationals,184.2,90.1,,,90.2,85,81.2,75.1,,,,7080
2013,Ryan Dempster,Red Sox,171.1,90.1,88.4,81.6,88.7,,84.5,,,,,517
2017,Marco Estrada,Blue Jays,186,90.1,86.7,,,77.8,,77.7,,,,1118
2018,Mike Fiers,- - -,172,90,86,,89.7,83.8,82.7,72.9,,,,7754
2007,Dave Bush,Brewers,186.1,90,86.5,,90.1,83.5,,71.7,,,,4635
2007,Brandon Webb,Diamondbacks,236.1,90,,,89.9,81.1,,76.2,,,,1692
2010,Joe Blanton,Phillies,175.2,90,87.9,,89.9,82.5,83,77.6,,,,4849
2013,A.J. Griffin,Athletics,200,90,82,,,81.9,,69.3,,,,11132
2018,James Shields,White Sox,204.2,90,86.7,,89.5,83.9,,78.4,68.9,,,7059
2011,Jered Weaver,Angels,235.2,90,,,89.4,79.6,79.9,72.2,,,,4235
2016,Dan Straily,Reds,191.1,90,,,90.2,83,83.7,73.4,,,,9460
2014,Aaron Harang,Braves,204.1,90,88.1,,90.2,84.5,81.6,74.7,,,,1451
2015,Jon Niese,Mets,176.2,90,88,,89.6,83.4,81,75,,,,4424
2018,Zack Greinke,Diamondbacks,207.2,90,,,90.6,87,83.8,71.3,68,,,1943
2007,Bronson Arroyo,Reds,210.2,90,86.7,,89,79.9,,73.3,,,,978
2012,Scott Diamond,Twins,173,90,,,90,84.2,,82,,,,5089
2015,John Danks,White Sox,177.2,90,86.4,,90,81.4,,76.1,,,,6329
2014,Tim Hudson,Giants,189.1,89.9,84.2,83.2,89.7,81.3,,76.2,,,,921
2015,Marco Estrada,Blue Jays,181,89.9,88.4,,,79.2,,78,,,,1118
2010,Ian Kennedy,Diamondbacks,194,89.9,83.7,,89,80.8,,77,,,,6986
2016,Zach Davies,Brewers,163.1,89.8,86.2,,90.3,79.4,82.4,73.2,,,,13183
2013,Doug Fister,Tigers,208.2,89.8,86.6,81.1,89.7,,84.8,74.4,,,,9425
2013,Andy Pettitte,Yankees,185.1,89.8,84.1,,89.5,80.9,,75.7,,,,840
2012,Tim Hudson,Braves,179,89.8,85.2,83.4,89.8,80.9,82.8,76.5,,,,921
2011,Mike Leake,Reds,167.2,89.8,88.9,,89.8,84.2,83.1,77.7,,,,10130
2014,Colby Lewis,Rangers,170.1,89.8,,,88.8,84.2,83.8,77.7,,,,1259
2011,Colby Lewis,Rangers,200.1,89.7,,,88.8,83.4,84.5,76.9,,,,1259
2018,Mike Leake,Mariners,185.2,89.7,87.7,,89.2,84.1,80.5,78.7,,,,10130
2011,Brett Myers,Astros,216,89.7,,,89,83.7,83.3,76.4,,,,962
2009,Andy Pettitte,Yankees,194.2,89.7,84.8,,89.6,81.2,,76,,,,840
2008,Brian Bannister,Royals,182.2,89.7,86.2,,90.3,85.4,80.4,76.8,70.7,,,5718
2009,Zach Duke,Pirates,213,89.6,85.4,,89.5,82,81.2,74.8,,,,3840
2008,Zach Duke,Pirates,185,89.6,84.9,,89.6,83,79.6,74.1,,,,3840
2014,Travis Wood,Cubs,173.2,89.6,86.4,,89.1,80.3,80.3,72.9,,,,9884
2009,Jered Weaver,Angels,211,89.6,,,89,80.8,78.7,71.9,,,,4235
2009,Randy Wolf,Dodgers,214.1,89.6,86,,89,78.7,80.5,67.4,,,,976
2007,Brian Bannister,Royals,165,89.5,86.1,,,84.5,80.3,76.2,,,,5718
2011,Randy Wolf,Brewers,212.1,89.5,85,82.5,89.1,79.4,80.5,68.6,61.1,,,976
2014,Jon Niese,Mets,187.2,89.5,88.2,,89.2,82.8,,74.5,,,,4424
2014,Scott Feldman,Astros,180.1,89.4,87.8,,89.5,85,,75.5,67.6,,,6283
2009,Joel Pineiro,Cardinals,214,89.4,85.8,,89.2,83.7,,78,,,,1094
2010,Paul Maholm,Pirates,185.1,89.4,84.5,,88.9,82.7,81.5,73.5,65.9,,,8678
2015,Kyle Hendricks,Cubs,180,89.4,88.4,,88.7,80.5,,78.2,,,,12049
2015,Colby Lewis,Rangers,204.2,89.4,,,88.3,84.2,83.5,77.9,,,,1259
2008,Randy Wolf,- - -,190.1,89.4,84.5,,88.9,78.5,80.2,67.4,,,,976
2011,Carl Pavano,Twins,222,89.4,,81.5,89.7,,83.4,,,,,790
2012,Adam Wainwright,Cardinals,198.2,89.3,86,,90.6,84.2,,74.3,,,,2233
2014,John Danks,White Sox,193.2,89.3,84.9,,89.6,80.6,,74.1,,,,6329
2016,Dallas Keuchel,Astros,168,89.3,86.5,,89.3,80.1,78.9,77.7,,,,9434
2008,Nate Robertson,Tigers,168.2,89.3,,,88.8,82.5,82.4,74.7,,,,1620
2008,Andy Pettitte,Yankees,204,89.3,83.7,,89.4,79.9,,74.3,,,,840
2008,Bronson Arroyo,Reds,200,89.2,85.9,,88.8,80.4,,73.8,,,,978
2008,Dave Bush,Brewers,185,89.2,83.6,,89.1,82.3,,69.9,,,,4635
2010,Chris Narveson,Brewers,167.2,89.1,85.3,,,81,,74.7,,,,2141
2009,Bronson Arroyo,Reds,220.1,89.1,85.7,,88.5,80.3,,72.7,,,,978
2012,Dan Haren,Angels,176.2,89.1,85,84,89.1,,,76.6,,,,1757
2007,Ted Lilly,Cubs,207,89.1,83.3,,88.6,79.3,,71.2,,,,833
2007,Jeff Suppan,Brewers,206.2,89,84.7,81.6,88.8,,,73.1,,,,633
2010,Randy Wolf,Brewers,215.2,89,83.8,,89.1,78.6,80.7,67.6,,,,976
2008,Brandon Webb,Diamondbacks,226.2,89,85.2,,88.6,78.3,,73.7,,,,1692
2009,Jarrod Washburn,- - -,176,89,86.3,,87.9,81.9,78.8,69.5,,,,40
2010,Doug Fister,Mariners,171,89,84.5,81.7,88.8,,,74.3,,,,9425
2013,Bronson Arroyo,Reds,202,88.9,83.6,,88.3,78.5,,74.9,,,,978
2016,Kyle Hendricks,Cubs,190,88.9,,,88.2,80.6,,76.1,,,,12049
2010,Derek Lowe,Braves,193.2,88.9,86.1,,88.9,84.4,81.3,,,,,199
2016,Marco Estrada,Blue Jays,176,88.9,86.4,,,77.6,,76.7,,,,1118
2014,Eric Stults,Padres,176,88.8,,,87.7,80.3,80.9,68.7,63.9,,,8011
2010,Bronson Arroyo,Reds,215.2,88.8,85.8,,88,81,,73.6,,,,978
2016,Josh Tomlin,Indians,174,88.8,86.4,,88.5,84.2,,76.1,,,,9388
2009,John Lannan,Nationals,206.1,88.8,,,88.6,82.2,81.3,73.5,,,,7080
2012,Tommy Milone,Athletics,190,88.8,86.7,,88.3,81.5,,77,,,,7608
2012,Paul Maholm,- - -,189,88.8,83.9,,88.1,81.6,80.6,73.3,65.6,,,8678
2011,Josh Tomlin,Indians,165.1,88.7,85.1,,87.6,81.1,,74.7,,,,9388
2012,Jason Vargas,Mariners,217.1,88.7,84.7,,88.3,80.6,,76.1,,,,8044
2014,Doug Fister,Nationals,164,88.7,85.6,80,88.6,,82.6,73.4,,,,9425
2012,Jered Weaver,Angels,188.2,88.7,,,88.1,79.8,82,72,,,,4235
2011,Derek Lowe,Braves,187,88.7,85.9,,88.6,83.8,80.9,,,,,199
2011,Paul Maholm,Pirates,162.1,88.7,84.1,,88,82.3,80.2,72.9,69.4,,,8678
2009,Derek Lowe,Braves,194.2,88.6,86.8,,89.2,84.7,82.1,,,,,199
2010,Rodrigo Lopez,Diamondbacks,200,88.6,,,88.9,83,81.1,75.9,,,,150
2007,Jarrod Washburn,Mariners,193.2,88.6,,,88.4,80.7,78.8,72.6,,,,40
2016,Hisashi Iwakuma,Mariners,199,88.6,84.1,83.7,88.1,,80.5,71.2,,,,13048
2008,Greg Smith,Athletics,190.1,88.5,,,,80.2,82.8,75.4,,,,3455
2008,Scott Olsen,Marlins,201.2,88.4,,,,82.6,80.3,,,,,4529
2007,Josh Fogg,Rockies,165.2,88.4,85.4,,88.6,81,77.2,,,,,989
2014,Dan Haren,Dodgers,186,88.4,85.2,82.7,88.4,84.2,,77.9,,,,1757
2014,Jason Vargas,Royals,187,88.4,,,88.1,81.4,,75.7,,,,8044
2016,Doug Fister,Astros,180.1,88.4,84.9,79.8,87.7,79.6,82.4,71.1,,,,9425
2011,Jason Vargas,Mariners,201,88.3,84.8,,87.8,80.7,,74.7,,,,8044
2010,Dallas Braden,Athletics,192.2,88.3,84.5,,86.6,73.2,75.4,,,,66.5,8099
2011,Ted Lilly,Dodgers,192.2,88.2,83.2,,87.7,79.8,,71.1,,,,833
2009,Ted Lilly,Cubs,177,88.1,82.7,,87,78.9,,71.2,,,,833
2007,Oliver Perez,Mets,177,88.1,,,91.7,80.6,75.6,71.2,,,,1514
2012,Bronson Arroyo,Reds,202,88.1,85.4,,88,79,,74.5,,,,978
2008,John Lannan,Nationals,182,88,,,87.9,81.5,80.8,74.7,,,,7080
2008,Kenny Rogers,Tigers,173.2,88,,,82.8,78.4,80.5,74,,,,1277
2011,Bronson Arroyo,Reds,199,87.9,84.5,,87.6,79.5,,73.8,,,,978
2010,Shaun Marcum,Blue Jays,195.1,87.9,85.9,,87.6,81.4,81.8,74.4,,,,6204
2013,Eric Stults,Padres,203.2,87.8,,,84.3,78.3,79.5,67.3,,,,8011
2008,Ted Lilly,Cubs,204.2,87.8,83.3,,86.4,78.8,,70.5,,,,833
2007,Woody Williams,Astros,188,87.8,,,,80.4,84.3,75.5,,,,1190
2011,Shaun Marcum,Brewers,200.2,87.7,85,,87.1,80.1,80.6,72.4,,,,6204
2018,Kyle Hendricks,Cubs,199,87.7,,,87.1,79,,72.2,,,,12049
2010,Ted Lilly,- - -,193.2,87.5,81.7,,86.2,78.2,,71.7,,,,833
2014,Jered Weaver,Angels,213.1,87.5,,,86.5,78.2,79.9,70,,,,4235
2008,Jeff Suppan,Brewers,177.2,87.4,83.4,80.5,87.2,,,72.4,,,,633
2010,Jason Vargas,Mariners,192.2,87.4,84.3,,87.1,79.6,78.4,74.5,,,,8044
2010,Dave Bush,Brewers,174.1,87.3,81.9,,87.2,81.2,,69.1,,,,4635
2008,Mark Buehrle,White Sox,218.2,87.2,82.9,,86,79,,71.3,,,,225
2007,Mark Buehrle,White Sox,201,87.1,82.2,,86.2,79.2,,71.9,,,,225
2009,Barry Zito,Giants,192,87.1,,,86.7,73.9,80,73.5,,,,944
2012,Bruce Chen,Royals,191.2,87.1,82.4,,86.3,77.4,,73.1,,,,769
2015,Dan Haren,- - -,187.1,87,84.1,82.6,86.8,,,77,,,,1757
2007,Paul Byrd,Indians,192.1,86.6,,,85.9,80.9,79.6,74.4,,,,594
2010,Barry Zito,Giants,199.1,86.6,,,86.3,75.8,78.9,73.2,,,,944
2010,R.A. Dickey,Mets,174.1,86.5,,,84.7,75.8,,,,76.7,,1245
2010,Mark Buehrle,White Sox,210.1,86.5,81.9,,85.6,79.4,,71.2,,,,225
2017,Jason Vargas,Royals,179.2,86.5,,,86,80,,72.5,,,,8044
2009,Mark Buehrle,White Sox,213.1,86.5,82,,85.3,79.1,,70.8,,,,225
2008,Mike Mussina,Yankees,200.1,86.5,82,,87.2,70.1,,76.8,68.9,,,837
2011,Mark Buehrle,White Sox,205.1,86.4,82.3,,85.7,79.4,,72.4,,,,225
2008,Paul Byrd,- - -,180,86.2,,,85.9,78.8,80.6,74.8,,,,594
2014,Chris Young,Mariners,165,86.1,,,,79.2,78.6,70.1,,,,3196
2012,Mark Buehrle,Marlins,202.1,85.8,80.5,,85.2,79,,71.9,,,,225
2007,Doug Davis,Diamondbacks,192.2,85.7,82.7,,86.2,77.8,,69,,,,1244
2009,Doug Davis,Diamondbacks,203.1,85.7,83.1,,86.3,78.9,,69.7,,,,1244
2008,Barry Zito,Giants,180,85.7,,,85.2,74.6,78.1,71.3,,,,944
2009,Livan Hernandez,- - -,183.2,85.6,80.7,,85.3,78.2,,69.6,64.1,,,1116
2007,Barry Zito,Giants,196.2,85.3,,,,73.4,78.6,71,,,,944
2007,Livan Hernandez,Diamondbacks,204.1,85.2,78.4,,84.7,76.4,,65.9,,,,1116
2007,Tom Glavine,Mets,200.1,85,80.9,,83.2,77.7,77.1,68.3,,,,90
2012,R.A. Dickey,Mets,233.2,85,,,84.1,76.8,,,,78.1,,1245
2012,Barry Zito,Giants,184.1,85,,,84.9,76,80.3,72.5,,,,944
2013,Mark Buehrle,Blue Jays,203.2,84.9,80.9,,84.4,79.1,,73.3,,,,225
2008,Livan Hernandez,- - -,180,84.7,78.2,,84.4,74.7,,69.1,62.2,,,1116
2014,Mark Buehrle,Blue Jays,202,84.5,81,,84.5,78.8,77.7,72.1,,,,225
2010,Livan Hernandez,Nationals,211.2,84.5,80,,84.7,78.4,,68.6,64.3,,,1116
2011,Livan Hernandez,Nationals,175.1,84.3,79.4,,84.4,78.2,,68.3,62.7,,,1116
2016,Jered Weaver,Angels,178,84.1,80.1,,83,75,76.8,69.5,,,,4235
2017,R.A. Dickey,Braves,190,83.9,,,83.8,72.3,78.9,70.7,,77.7,,1245
2011,Jeff Francis,Royals,183,83.9,82.1,,85,76.4,,68.4,,,,4684
2015,Mark Buehrle,Blue Jays,198.2,83.9,80,,83.9,79.2,,71.7,,,,225
2014,R.A. Dickey,Blue Jays,215.2,83,,,82.5,75.3,,,,76.6,,1245
2016,R.A. Dickey,Blue Jays,169.2,83,,,83,72.3,,,,76.6,,1245
2013,R.A. Dickey,Blue Jays,224.2,82.8,,,82.2,75.5,,,,76.2,,1245
2007,Jamie Moyer,Phillies,199.1,82.8,80.5,,82.7,75.2,,69.9,,,,1091
2015,R.A. Dickey,Blue Jays,214.1,82.2,,,82.1,73.8,,,,76.6,,1245
2008,Jamie Moyer,Phillies,196.1,81.4,78.9,,81.6,74.8,,68.2,,,,1091
2007,Matt Chico,Nationals,167,76.1,,,,71.4,74.5,66,,,,6068
2007,Tim Wakefield,Red Sox,189,75,,,,,,61.1,,67,,219
2008,Tim Wakefield,Red Sox,181,73,,,,,,59.1,,65.1,,219
2007,Greg Maddux,Padres,198,,86.3,,87.2,81.7,,74,,,,104
2007,Kevin Millwood,Rangers,172.2,,92.4,,92.4,86.3,87.5,74,,,,106
2007,Braden Looper,Cardinals,175,,85.8,82.1,91.2,,80.3,,,,,526
2007,Matt Morris,- - -,198.2,,,,88.1,80.7,82.3,71.7,,,,1172
2007,Roy Halladay,Blue Jays,225.1,,91,,92.7,84.6,,78.5,,,,1303
2007,Jeff Francis,Rockies,215.1,,,,88.6,80.8,,72.8,,,,4684
2008,Greg Maddux,- - -,194,,83.2,,83.9,78.5,77.1,70.6,,,,104
2008,Kevin Millwood,Rangers,168.2,,91.2,,91.5,85.4,86.1,73.1,,,,106
2008,Braden Looper,Cardinals,199,,85.3,81.9,90.5,,78.6,,,,,526
2008,Roy Halladay,Blue Jays,246,,90.9,,93.5,85,,78,,,,1303
2008,Armando Galarraga,Tigers,178.2,,,,90.8,85.3,85.4,60.6,,,,4222
2008,Andy Sonnanstine,Rays,193.1,,87.5,,87.7,80.7,77.6,72.8,,,,7667
2009,Kevin Millwood,Rangers,198.2,,91.3,,91.5,84.1,85.9,73.7,,,,106
2009,Braden Looper,Brewers,194.2,,84.9,82.8,89.7,,78.6,,,,,526
2009,Roy Halladay,Blue Jays,239,,91.6,,93.3,85.6,,78.8,,,,1303
2009,Scott Feldman,Rangers,189.2,,91.7,,92.9,84.9,,77.9,,,,6283
2010,Kevin Millwood,Orioles,190.2,,89.4,,89.8,82.2,84.5,72,,,,106
2010,Jake Westbrook,- - -,202.2,,86,,91,79.6,,79.8,,,,412
2010,Roy Halladay,Phillies,250.2,,92.1,84.7,93.2,,,78.6,,,,1303
2010,Clayton Richard,Padres,201.2,,85.1,,91.8,83.1,,76.3,,,,3551
2010,Kyle Kendrick,Phillies,180.2,,86.7,83.4,90.4,,,,,,,6230
2011,Jake Westbrook,Cardinals,183.1,,86.4,,90.8,80.2,,79.5,,,,412
2011,R.A. Dickey,Mets,208.2,,,,85.1,76.3,,,,76.8,,1245
2011,Roy Halladay,Phillies,233.2,,91.8,84.1,93,,,77.9,,,,1303
2011,Chris Capuano,Mets,186,,84.7,,88.7,79,80,,,,,1701
2012,Jake Westbrook,Cardinals,174.2,,86.8,85.7,91.3,81,,79.8,,,,412
2012,Chris Capuano,Dodgers,198.1,,83.3,,88.6,78.5,76.7,,,,,1701
2012,Clayton Richard,Padres,218.2,,87.4,,91.8,85.6,,82.9,,,,3551
2013,Kyle Kendrick,Phillies,182,,87.3,82.9,90.7,,,78.2,,,,6230
2014,Josh Collmenter,Diamondbacks,179.1,,86.8,,,79.3,,73,,,,7312
2014,Jarred Cosart,- - -,180.1,,94.5,,,83.9,,79.6,,,,10304
2014,Alex Wood,Braves,171.2,,,,90.8,83.4,,80.1,,,,13781
2015,Mike Pelfrey,Twins,164.2,,,81.6,94,,84.4,73.4,,,,5203
2015,Alex Wood,- - -,189.2,,,,89.8,82.9,,81,,,,13781
2016,Michael Pineda,Yankees,175.2,,94.7,,92.6,88.9,86.2,74.6,,,,5372
2017,Mike Leake,- - -,186,,89.3,,90.4,84.6,81.3,78.6,,,,10130
2018,Zack Godley,Diamondbacks,178.1,,89.3,,90.3,81.5,,81.9,,,,14862